step,kl_loss
0,8.75
1,7.90625
2,6.90625
3,9.5625
4,8.25
5,9.375
6,10.1875
7,10.625
8,8.3125
9,8.1875
10,5.96875
11,7.3125
12,9.0625
13,9.25
14,8.625
15,8.8125
16,11.9375
17,8.625
18,8.25
19,11.0625
20,10.5
21,7.25
22,10.75
23,5.1875
24,6.78125
25,7.5625
26,8.375
27,6.65625
28,9.625
29,8.75
30,6.375
31,7.34375
32,8.5
33,7.5
34,9.375
35,7.1875
36,8.4375
37,6.09375
38,8.0625
39,8.75
40,8.625
41,8.75
42,8.25
43,10.625
44,8.125
45,7.5
46,9.25
47,5.625
48,10.125
49,7.3125
50,6.53125
51,8.5
52,7.5
53,6.6875
54,9.3125
55,10.1875
56,8.25
57,7.625
58,8.3125
59,9.375
60,9.8125
61,7.53125
62,9.125
63,8.875
64,8.9375
65,7.09375
66,7.875
67,8.3125
68,8.875
69,7.90625
70,9.25
71,7.21875
72,6.875
73,6.90625
74,6.40625
75,8.625
76,8.8125
77,9.0625
78,5.84375
79,9.25
80,9.0625
81,6.125
82,6.90625
83,8.4375
84,8.6875
85,8.4375
86,9.9375
87,7.75
88,10.0
89,9.875
90,6.53125
91,7.125
92,7.0
93,7.65625
94,10.4375
95,9.6875
96,9.375
97,9.125
98,8.875
99,10.25
100,7.78125
101,6.90625
102,9.3125
103,9.1875
104,8.375
105,8.375
106,8.875
107,9.625
108,6.09375
109,8.5625
110,8.5625
111,9.375
112,9.75
113,8.625
114,10.875
115,10.5
116,8.875
117,8.9375
118,10.1875
119,8.875
120,6.15625
121,8.6875
122,7.96875
123,8.8125
124,6.8125
125,8.5625
126,9.9375
127,7.0625
128,7.0
129,7.5
130,7.5
131,10.0625
132,7.90625
133,9.1875
134,8.1875
135,4.96875
136,8.75
137,8.1875
138,11.125
139,10.5
140,8.75
141,7.375
142,6.4375
143,8.875
144,7.125
145,8.6875
146,9.25
147,7.71875
148,6.75
149,7.3125
150,8.125
151,9.125
152,8.0625
153,8.3125
154,9.125
155,9.875
156,7.0
157,7.75
158,9.3125
159,8.1875
160,5.875
161,7.65625
162,9.875
163,8.5625
164,7.1875
165,8.625
166,6.625
167,8.4375
168,8.375
169,7.21875
170,8.9375
171,6.65625
172,7.03125
173,8.8125
174,8.25
175,7.28125
176,6.46875
177,7.5625
178,9.1875
179,8.0
180,8.1875
181,7.875
182,8.8125
183,9.5
184,6.59375
185,6.375
186,8.3125
187,8.0625
188,5.96875
189,8.0625
190,9.0
191,7.5
192,8.3125
193,7.75
194,5.65625
195,6.3125
196,8.75
197,7.96875
198,6.78125
199,6.75
200,9.5
201,6.6875
202,7.90625
203,9.6875
204,6.40625
205,7.40625
206,8.9375
207,6.34375
208,7.5625
209,8.625
210,8.875
211,9.4375
212,6.71875
213,7.5625
214,7.78125
215,7.90625
216,7.28125
217,10.375
218,9.0
219,7.71875
220,9.5
221,9.625
222,9.8125
223,5.71875
224,8.0
225,5.84375
226,5.125
227,9.75
228,9.3125
229,5.4375
230,8.0625
231,5.09375
232,10.1875
233,9.375
234,7.71875
235,7.8125
236,6.875
237,7.96875
238,8.5
239,6.4375
240,7.8125
241,8.875
242,6.375
243,6.46875
244,6.21875
245,6.78125
246,9.0
247,9.4375
248,8.3125
249,6.3125
250,6.15625
251,8.125
252,6.59375
253,7.03125
254,7.1875
255,6.0625
256,9.8125
257,7.96875
258,7.6875
259,9.5625
260,9.25
261,8.5
262,9.625
263,6.375
264,7.90625
265,7.34375
266,5.625
267,7.75
268,6.53125
269,6.75
270,7.375
271,6.0625
272,8.875
273,8.3125
274,8.375
275,9.0
276,7.40625
277,8.375
278,8.4375
279,11.0
280,5.25
281,6.78125
282,9.6875
283,8.9375
284,6.21875
285,7.28125
286,8.5625
287,8.8125
288,6.0
289,8.3125
290,7.90625
291,8.1875
292,9.375
293,8.8125
294,8.125
295,7.21875
296,7.90625
297,4.75
298,8.1875
299,7.53125
300,7.8125
301,7.71875
302,7.65625
303,10.375
304,6.71875
305,6.34375
306,9.6875
307,7.9375
308,7.375
309,7.78125
310,8.5
311,7.34375
312,9.1875
313,7.09375
314,7.40625
315,9.25
316,7.46875
317,7.125
318,6.8125
319,8.0
320,8.75
321,7.59375
322,9.1875
323,8.6875
324,7.15625
325,9.0625
326,6.71875
327,7.8125
328,8.0625
329,8.25
330,6.28125
331,6.9375
332,9.5
333,9.6875
334,5.75
335,7.65625
336,8.75
337,7.5625
338,10.1875
339,10.625
340,6.9375
341,6.75
342,10.8125
343,8.8125
344,6.625
345,7.3125
346,8.625
347,9.0
348,8.375
349,6.21875
350,8.1875
351,5.28125
352,9.375
353,8.0625
354,9.1875
355,8.0625
356,7.90625
357,8.0625
358,7.21875
359,7.34375
360,7.875
361,10.6875
362,8.75
363,10.625
364,7.25
365,8.1875
366,7.1875
367,7.25
368,6.28125
369,9.8125
370,7.0
371,8.25
372,6.03125
373,8.6875
374,7.65625
375,9.5
376,9.3125
377,8.5625
378,10.625
379,9.375
380,6.625
381,7.84375
382,8.5
383,6.9375
384,9.25
385,9.1875
386,7.1875
387,8.4375
388,8.25
389,8.375
390,7.65625
391,7.28125
392,8.5625
393,9.8125
394,8.875
395,8.0625
396,7.96875
397,7.6875
398,8.5
399,7.25
400,10.875
401,6.375
402,6.25
403,7.65625
404,10.875
405,9.0
406,10.75
407,10.75
408,7.78125
409,8.125
410,5.53125
411,6.15625
412,9.0625
413,8.875
414,5.90625
415,6.53125
416,6.78125
417,8.4375
418,5.15625
419,7.21875
420,9.5625
421,6.84375
422,8.25
423,6.3125
424,7.4375
425,10.5
426,8.75
427,7.8125
428,7.875
429,8.6875
430,9.5
431,7.53125
432,7.0
433,6.75
434,8.25
435,8.9375
436,8.75
437,5.84375
438,9.1875
439,9.9375
440,8.5
441,6.90625
442,5.59375
443,9.125
444,7.8125
445,9.0
446,9.5625
447,6.375
448,10.25
449,9.125
450,7.53125
451,8.4375
452,8.625
453,8.5625
454,8.625
455,8.875
456,8.25
457,8.25
458,8.375
459,7.0625
460,6.0
461,6.75
462,11.125
463,9.8125
464,6.75
465,8.5625
466,6.46875
467,8.8125
468,7.4375
469,6.78125
470,9.875
471,9.0625
472,8.125
473,10.0625
474,7.90625
475,7.46875
476,7.59375
477,7.9375
478,6.28125
479,9.625
480,7.28125
481,10.4375
482,6.875
483,10.3125
484,6.3125
485,7.875
486,7.3125
487,9.625
488,7.46875
489,8.625
490,9.1875
491,7.34375
492,10.625
493,9.875
494,6.6875
495,6.9375
496,9.3125
497,10.4375
498,7.375
499,8.1875
500,8.5625
501,10.0625
502,9.0625
503,7.28125
504,8.3125
505,9.5625
506,6.9375
507,7.84375
508,11.0
509,8.6875
510,7.09375
511,6.40625
512,6.65625
513,7.96875
514,10.0
515,7.5
516,6.375
517,5.78125
518,6.34375
519,9.8125
520,7.40625
521,7.875
522,6.5625
523,6.1875
524,8.75
525,7.53125
526,7.6875
527,7.375
528,9.8125
529,9.125
530,7.75
531,9.0
532,8.625
533,12.4375
534,8.125
535,8.8125
536,7.96875
537,7.90625
538,7.65625
539,7.8125
540,6.4375
541,9.625
542,6.71875
543,7.4375
544,7.875
545,6.625
546,6.0
547,8.75
548,5.9375
549,8.5
550,10.125
551,9.6875
552,5.625
553,8.125
554,8.8125
555,7.34375
556,7.59375
557,8.0625
558,13.25
559,8.6875
560,7.8125
561,8.1875
562,9.9375
563,8.5625
564,9.0
565,8.4375
566,7.3125
567,8.3125
568,7.46875
569,5.90625
570,10.6875
571,7.34375
572,5.875
573,9.375
574,7.8125
575,8.375
576,8.625
577,8.75
578,9.4375
579,7.25
580,8.0625
581,6.21875
582,8.125
583,6.90625
584,7.4375
585,7.84375
586,8.9375
587,7.25
588,7.25
589,7.78125
590,8.5
591,8.125
592,8.8125
593,9.3125
594,9.625
595,8.1875
596,10.375
597,7.0
598,5.28125
599,8.8125
600,7.96875
601,7.5
602,9.4375
603,7.4375
604,10.5
605,9.5
606,10.1875
607,7.53125
608,7.3125
609,6.3125
610,6.75
611,9.1875
612,9.5
613,8.6875
614,7.59375
615,10.5
616,10.0
617,8.25
618,9.25
619,6.78125
620,7.46875
621,8.5625
622,7.59375
623,7.71875
624,7.09375
625,7.625
626,8.0625
627,8.0625
628,8.9375
629,7.625
630,7.71875
631,11.125
632,8.0625
633,8.125
634,8.0625
635,6.03125
636,7.59375
637,10.5
638,8.375
639,5.9375
640,7.71875
641,9.0
642,8.3125
643,5.84375
644,7.46875
645,8.8125
646,7.6875
647,7.28125
648,8.875
649,9.0
650,7.8125
651,7.5
652,8.75
653,7.75
654,7.125
655,7.15625
656,7.15625
657,5.625
658,8.5
659,9.6875
660,8.625
661,7.6875
662,6.59375
663,6.5
664,7.53125
665,6.21875
666,9.375
667,8.25
668,9.5625
669,9.1875
670,8.8125
671,6.28125
672,8.375
673,8.1875
674,7.28125
675,7.03125
676,9.0
677,4.8125
678,8.5
679,9.25
680,6.34375
681,6.90625
682,8.1875
683,8.5
684,11.875
685,8.3125
686,8.6875
687,7.53125
688,9.9375
689,9.4375
690,9.375
691,6.96875
692,9.125
693,7.5625
694,8.625
695,7.59375
696,11.1875
697,9.6875
698,6.21875
699,8.0625
700,10.375
701,7.15625
702,6.34375
703,9.25
704,7.65625
705,8.0
706,8.4375
707,9.25
708,8.6875
709,7.21875
710,8.4375
711,8.625
712,8.1875
713,7.78125
714,7.875
715,6.15625
716,6.78125
717,7.15625
718,9.5625
719,9.75
720,9.4375
721,11.5625
722,7.8125
723,7.40625
724,10.0
725,8.75
726,9.125
727,8.875
728,9.4375
729,5.3125
730,6.71875
731,9.1875
732,8.125
733,7.03125
734,7.5625
735,7.25
736,5.96875
737,10.125
738,10.375
739,6.78125
740,8.1875
741,9.0625
742,7.21875
743,8.0625
744,6.6875
745,8.25
746,8.125
747,6.625
748,4.65625
749,8.625
750,7.875
751,7.65625
752,8.4375
753,8.4375
754,9.375
755,7.4375
756,6.375
757,5.78125
758,8.4375
759,5.0625
760,9.8125
761,9.75
762,10.1875
763,9.25
764,9.0
765,7.0625
766,7.375
767,8.625
768,9.5
769,8.875
770,8.5625
771,9.4375
772,6.90625
773,9.1875
774,10.125
775,8.75
776,10.5
777,8.5
778,9.75
779,8.875
780,8.5
781,6.78125
782,11.375
783,7.6875
784,6.75
785,7.5625
786,7.53125
787,8.25
788,5.96875
789,6.90625
790,8.0625
791,8.5
792,7.90625
793,5.125
794,7.8125
795,9.25
796,7.25
797,8.5
798,9.4375
799,6.9375
800,8.9375
801,6.71875
802,8.125
803,9.0
804,10.3125
805,10.3125
806,7.78125
807,8.375
808,9.3125
809,4.71875
810,8.375
811,8.625
812,7.28125
813,5.875
814,8.125
815,6.46875
816,7.53125
817,9.4375
818,8.5
819,9.5
820,11.125
821,5.625
822,11.0625
823,8.0625
824,7.71875
825,8.75
826,9.625
827,8.6875
828,9.6875
829,7.0625
830,6.15625
831,9.4375
832,8.8125
833,8.125
834,8.0625
835,6.15625
836,6.8125
837,6.65625
838,9.25
839,8.625
840,9.25
841,8.625
842,8.8125
843,11.25
844,8.9375
845,8.875
846,6.96875
847,7.875
848,7.875
849,7.34375
850,9.25
851,7.6875
852,5.71875
853,8.75
854,8.4375
855,7.9375
856,9.4375
857,8.125
858,8.625
859,8.0625
860,10.5
861,9.9375
862,9.4375
863,6.40625
864,8.1875
865,7.1875
866,5.96875
867,6.84375
868,9.5625
869,8.25
870,6.40625
871,6.40625
872,9.375
873,7.28125
874,8.8125
875,7.8125
876,8.4375
877,6.59375
878,7.875
879,10.0625
880,7.96875
881,5.4375
882,6.6875
883,8.875
884,7.53125
885,6.3125
886,8.5625
887,8.75
888,7.3125
889,6.875
890,7.34375
891,4.90625
892,7.21875
893,8.0
894,6.34375
895,7.96875
896,10.875
897,7.71875
898,8.9375
899,6.75
900,6.78125
901,7.53125
902,7.6875
903,7.40625
904,10.6875
905,8.875
906,7.125
907,6.96875
908,6.34375
909,7.65625
910,8.9375
911,8.375
912,6.28125
913,7.4375
914,6.4375
915,6.71875
916,9.1875
917,7.3125
918,6.71875
919,9.25
920,6.46875
921,5.65625
922,10.625
923,7.59375
924,6.46875
925,6.3125
926,8.8125
927,7.53125
928,10.125
929,5.96875
930,7.28125
931,10.0625
932,7.71875
933,5.15625
934,8.6875
935,9.25
936,9.125
937,7.53125
938,6.375
939,8.5625
940,8.25
941,7.71875
942,8.8125
943,8.3125
944,7.8125
945,7.21875
946,5.34375
947,7.59375
948,7.03125
949,8.4375
950,7.40625
951,9.875
952,6.71875
953,8.0625
954,9.5625
955,8.4375
956,6.9375
957,8.3125
958,6.75
959,8.0
960,6.78125
961,7.34375
962,9.8125
963,9.125
964,7.375
965,7.375
966,7.9375
967,6.5
968,6.5625
969,8.5
970,8.75
971,6.46875
972,10.4375
973,8.8125
974,8.625
975,6.65625
976,9.3125
977,7.625
978,9.375
979,11.375
980,10.375
981,5.6875
982,5.8125
983,9.4375
984,7.4375
985,6.9375
986,8.6875
987,7.59375
988,7.65625
989,8.25
990,9.0
991,8.625
992,8.375
993,9.3125
994,8.75
995,10.8125
996,8.5
997,7.75
998,6.90625
999,9.375
1000,8.8125
1001,8.1875
1002,9.125
1003,8.0625
1004,6.5625
1005,9.75
1006,7.4375
1007,9.125
1008,6.0
1009,10.875
1010,5.8125
1011,9.125
1012,7.0625
1013,8.5625
1014,11.875
1015,8.5
1016,7.75
1017,7.625
1018,8.4375
1019,6.375
1020,6.59375
1021,7.34375
1022,8.625
1023,8.125
1024,6.8125
1025,6.46875
1026,7.03125
1027,6.4375
1028,8.0625
1029,6.625
1030,6.9375
1031,7.40625
1032,9.1875
1033,6.625
1034,8.125
1035,6.78125
1036,7.0
1037,7.125
1038,8.5625
1039,8.1875
1040,8.5625
1041,6.6875
1042,7.46875
1043,7.625
1044,9.3125
1045,6.09375
1046,7.40625
1047,9.6875
1048,8.3125
1049,6.3125
1050,5.875
1051,7.625
1052,8.4375
1053,6.3125
1054,7.375
1055,8.5
1056,8.5625
1057,6.53125
1058,6.0
1059,8.5625
1060,6.40625
1061,8.6875
1062,8.4375
1063,9.4375
1064,5.25
1065,7.96875
1066,8.5
1067,7.8125
1068,8.8125
1069,6.65625
1070,8.125
1071,7.28125
1072,8.0625
1073,6.71875
1074,5.90625
1075,6.90625
1076,6.875
1077,10.5
1078,7.34375
1079,8.6875
1080,7.65625
1081,7.28125
1082,7.40625
1083,7.90625
1084,6.53125
1085,7.125
1086,8.0625
1087,7.5
1088,8.625
1089,7.5
1090,8.0625
1091,8.125
1092,4.96875
1093,7.28125
1094,8.3125
1095,8.875
1096,10.5625
1097,5.40625
1098,9.5625
1099,9.75
1100,8.1875
1101,8.5625
1102,8.1875
1103,7.34375
1104,6.3125
1105,6.90625
1106,8.0
1107,8.25
1108,8.125
1109,9.375
1110,10.3125
1111,6.5625
1112,9.25
1113,6.71875
1114,9.25
1115,8.625
1116,8.1875
1117,8.625
1118,7.15625
1119,7.03125
1120,6.28125
1121,5.84375
1122,8.6875
1123,8.6875
1124,8.625
1125,8.0
1126,8.0625
1127,7.625
1128,7.1875
1129,8.6875
1130,6.59375
1131,9.0
1132,7.125
1133,7.65625
1134,9.625
1135,7.09375
1136,7.75
1137,9.5
1138,4.40625
1139,8.0625
1140,8.0625
1141,8.8125
1142,7.34375
1143,7.21875
1144,8.125
1145,8.375
1146,8.1875
1147,5.4375
1148,7.25
1149,6.96875
1150,7.3125
1151,5.5625
1152,6.59375
1153,7.625
1154,7.46875
1155,5.03125
1156,8.375
1157,8.75
1158,8.1875
1159,9.8125
1160,7.59375
1161,5.96875
1162,8.3125
1163,10.0625
1164,9.1875
1165,7.84375
1166,9.875
1167,7.03125
1168,5.875
1169,8.625
1170,7.40625
1171,6.53125
1172,9.9375
1173,6.875
1174,9.25
1175,6.1875
1176,8.375
1177,7.5
1178,8.5625
1179,6.9375
1180,9.75
1181,7.34375
1182,9.875
1183,8.75
1184,10.0625
1185,7.28125
1186,7.6875
1187,8.8125
1188,9.0625
1189,8.6875
1190,9.125
1191,6.84375
1192,5.96875
1193,8.75
1194,7.625
1195,10.0625
1196,8.625
1197,8.9375
1198,8.375
1199,11.5
1200,8.6875
1201,7.3125
1202,8.4375
1203,7.875
1204,9.5
1205,9.125
1206,8.5625
1207,8.375
1208,6.40625
1209,8.625
1210,8.0
1211,7.4375
1212,8.8125
1213,8.625
1214,6.9375
1215,10.75
1216,8.6875
1217,8.8125
1218,9.375
1219,7.9375
1220,7.8125
1221,6.0625
1222,7.15625
1223,8.4375
1224,5.59375
1225,7.1875
1226,8.6875
1227,7.6875
1228,9.3125
1229,6.75
1230,8.625
1231,7.3125
1232,7.90625
1233,6.875
1234,8.25
1235,8.25
1236,7.9375
1237,7.28125
1238,7.25
1239,8.0625
1240,5.59375
1241,7.78125
1242,9.0
1243,5.75
1244,7.40625
1245,6.65625
1246,8.1875
1247,6.03125
1248,7.375
1249,8.0625
1250,7.9375
1251,7.03125
1252,9.3125
1253,8.75
1254,7.8125
1255,7.90625
1256,7.1875
1257,5.6875
1258,7.15625
1259,6.15625
1260,8.25
1261,7.59375
1262,9.875
1263,8.25
1264,6.71875
1265,6.96875
1266,8.9375
1267,8.375
1268,7.3125
1269,8.125
1270,6.53125
1271,9.4375
1272,7.53125
1273,7.90625
1274,8.25
1275,5.78125
1276,6.40625
1277,7.5
1278,6.71875
1279,8.375
1280,8.1875
1281,8.1875
1282,6.1875
1283,9.875
1284,8.3125
1285,7.34375
1286,7.0625
1287,7.25
1288,8.3125
1289,5.875
1290,5.5625
1291,7.15625
1292,7.6875
1293,8.375
1294,6.0
1295,8.3125
1296,7.03125
1297,8.3125
1298,5.8125
1299,6.375
1300,5.84375
1301,7.5
1302,7.75
1303,7.96875
1304,6.03125
1305,7.125
1306,9.625
1307,7.21875
1308,7.46875
1309,6.9375
1310,10.3125
1311,7.875
1312,7.6875
1313,6.25
1314,8.5625
1315,8.25
1316,7.84375
1317,10.25
1318,6.90625
1319,6.40625
1320,5.6875
1321,8.25
1322,7.59375
1323,8.75
1324,8.4375
1325,8.5625
1326,8.625
1327,7.46875
1328,8.75
1329,9.125
1330,8.5625
1331,9.5
1332,10.3125
1333,6.84375
1334,8.375
1335,6.3125
1336,5.65625
1337,8.8125
1338,6.625
1339,7.25
1340,7.96875
1341,8.0625
1342,5.78125
1343,6.46875
1344,7.625
1345,7.8125
1346,10.875
1347,8.6875
1348,9.3125
1349,8.5625
1350,9.25
1351,9.25
1352,6.125
1353,9.0
1354,7.0625
1355,10.0
1356,7.59375
1357,8.5
1358,6.78125
1359,7.59375
1360,8.1875
1361,6.75
1362,6.96875
1363,7.0625
1364,7.8125
1365,9.125
1366,7.5
1367,8.875
1368,7.15625
1369,6.96875
1370,6.5
1371,7.65625
1372,6.1875
1373,7.9375
1374,7.96875
1375,7.875
1376,8.0
1377,6.71875
1378,6.71875
1379,5.9375
1380,6.53125
1381,11.25
1382,7.3125
1383,8.8125
1384,5.625
1385,8.4375
1386,6.21875
1387,6.59375
1388,9.625
1389,8.9375
1390,8.9375
1391,6.5
1392,7.625
1393,7.375
1394,9.125
1395,7.375
1396,5.4375
1397,7.25
1398,7.3125
1399,7.375
1400,8.875
1401,7.21875
1402,6.9375
1403,6.125
1404,6.25
1405,8.75
1406,8.75
1407,8.0
1408,8.75
1409,7.53125
1410,7.5625
1411,8.6875
1412,6.09375
1413,8.0
1414,7.78125
1415,7.0
1416,10.8125
1417,6.75
1418,8.125
1419,8.25
1420,7.8125
1421,6.875
1422,6.1875
1423,6.59375
1424,5.84375
1425,9.0
1426,6.375
1427,6.71875
1428,7.40625
1429,9.1875
1430,8.8125
1431,7.5625
1432,7.03125
1433,8.0
1434,8.625
1435,9.0
1436,8.3125
1437,6.625
1438,9.1875
1439,9.25
1440,8.75
1441,7.625
1442,9.5
1443,7.03125
1444,7.90625
1445,7.78125
1446,8.0625
1447,5.8125
1448,5.90625
1449,7.375
1450,7.4375
1451,8.125
1452,8.0625
1453,8.3125
1454,7.21875
1455,6.125
1456,6.96875
1457,6.09375
1458,6.5625
1459,5.8125
1460,8.9375
1461,9.0
1462,7.0625
1463,7.96875
1464,7.34375
1465,7.1875
1466,9.75
1467,6.15625
1468,6.6875
1469,8.125
1470,10.6875
1471,8.9375
1472,8.3125
1473,8.0625
1474,7.90625
1475,9.625
1476,8.25
1477,8.1875
1478,8.1875
1479,8.5
1480,7.15625
1481,8.0625
1482,8.6875
1483,8.75
1484,7.8125
1485,6.25
1486,6.875
1487,6.90625
1488,6.09375
1489,8.375
1490,6.40625
1491,9.375
1492,7.34375
1493,6.65625
1494,7.9375
1495,7.59375
1496,7.6875
1497,7.25
1498,7.71875
1499,6.34375
1500,9.875
1501,8.25
1502,6.1875
1503,8.625
1504,8.6875
1505,7.21875
1506,7.21875
1507,7.65625
1508,6.46875
1509,7.09375
1510,8.0625
1511,8.5
1512,9.5625
1513,8.1875
1514,9.1875
1515,7.90625
1516,7.15625
1517,8.5
1518,9.0625
1519,7.59375
1520,7.53125
1521,8.875
1522,9.625
1523,5.875
1524,7.0625
1525,7.96875
1526,8.0625
1527,8.75
1528,7.9375
1529,8.875
1530,6.96875
1531,6.09375
1532,7.96875
1533,7.125
1534,6.9375
1535,8.6875
1536,8.875
1537,8.1875
1538,7.875
1539,8.6875
1540,6.65625
1541,6.9375
1542,9.375
1543,8.375
1544,7.59375
1545,7.375
1546,7.0
1547,8.3125
1548,7.5
1549,8.625
1550,7.53125
1551,8.8125
1552,6.9375
1553,7.65625
1554,8.1875
1555,8.5625
1556,5.96875
1557,8.4375
1558,7.59375
1559,7.40625
1560,7.625
1561,8.0625
1562,8.3125
1563,8.8125
1564,7.375
1565,9.5625
1566,7.3125
1567,7.03125
1568,8.4375
1569,6.75
1570,8.8125
1571,6.3125
1572,6.125
1573,5.75
1574,9.6875
1575,8.0
1576,6.34375
1577,7.15625
1578,7.96875
1579,9.0
1580,7.625
1581,7.625
1582,7.78125
1583,8.6875
1584,6.34375
1585,7.71875
1586,7.34375
1587,8.5625
1588,7.21875
1589,9.375
1590,7.875
1591,6.65625
1592,5.59375
1593,9.375
1594,7.71875
1595,7.875
1596,8.875
1597,6.90625
1598,7.03125
1599,7.03125
1600,9.4375
1601,9.375
1602,8.0
1603,5.875
1604,7.96875
1605,7.625
1606,5.375
1607,7.78125
1608,7.25
1609,8.375
1610,6.46875
1611,7.46875
1612,8.4375
1613,7.53125
1614,6.40625
1615,6.21875
1616,7.78125
1617,5.40625
1618,8.625
1619,8.8125
1620,5.1875
1621,5.78125
1622,7.125
1623,5.59375
1624,8.0
1625,5.78125
1626,7.125
1627,7.59375
1628,6.96875
1629,8.375
1630,9.25
1631,8.0625
1632,7.8125
1633,10.4375
1634,7.46875
1635,7.90625
1636,5.59375
1637,6.8125
1638,7.5
1639,7.0625
1640,5.0
1641,8.0625
1642,6.21875
1643,6.40625
1644,6.1875
1645,5.75
1646,4.9375
1647,11.125
1648,7.09375
1649,8.9375
1650,7.625
1651,8.25
1652,6.71875
1653,6.6875
1654,8.1875
1655,6.3125
1656,9.125
1657,6.8125
1658,10.25
1659,9.3125
1660,7.46875
1661,9.375
1662,5.40625
1663,8.375
1664,7.78125
1665,6.625
1666,7.1875
1667,8.625
1668,7.9375
1669,7.53125
1670,6.0625
1671,7.34375
1672,6.6875
1673,7.6875
1674,5.6875
1675,5.53125
1676,5.9375
1677,5.65625
1678,6.46875
1679,8.125
1680,5.5
1681,7.28125
1682,6.96875
1683,7.125
1684,8.4375
1685,8.0625
1686,6.84375
1687,7.5
1688,8.375
1689,6.15625
1690,9.375
1691,6.65625
1692,8.25
1693,8.5
1694,6.1875
1695,7.0625
1696,6.28125
1697,7.1875
1698,7.0
1699,5.625
1700,7.53125
1701,6.65625
1702,6.875
1703,8.0625
1704,5.90625
1705,6.8125
1706,8.1875
1707,8.5625
1708,7.03125
1709,6.5
1710,9.5
1711,5.0625
1712,5.8125
1713,8.0
1714,6.90625
1715,7.0625
1716,6.5
1717,7.4375
1718,7.65625
1719,6.0
1720,7.03125
1721,5.4375
1722,5.8125
1723,6.90625
1724,7.09375
1725,7.1875
1726,5.78125
1727,7.6875
1728,6.96875
1729,5.8125
1730,5.75
1731,5.71875
1732,7.96875
1733,6.78125
1734,9.25
1735,5.5625
1736,7.03125
1737,9.125
1738,8.3125
1739,9.3125
1740,6.03125
1741,7.34375
1742,7.0
1743,5.96875
1744,7.625
1745,7.25
1746,7.53125
1747,6.03125
1748,7.78125
1749,5.6875
1750,6.09375
1751,6.5
1752,7.25
1753,8.25
1754,6.21875
1755,6.28125
1756,4.78125
1757,7.25
1758,7.125
1759,6.21875
1760,8.375
1761,8.4375
1762,6.96875
1763,5.625
1764,8.875
1765,5.90625
1766,9.5
1767,5.625
1768,7.375
1769,8.625
1770,6.78125
1771,5.71875
1772,6.40625
1773,6.34375
1774,5.875
1775,5.75
1776,6.5625
1777,6.28125
1778,8.5625
1779,10.5
1780,7.65625
1781,6.25
1782,7.875
1783,7.5
1784,6.6875
1785,5.03125
1786,6.28125
1787,6.375
1788,7.9375
1789,7.15625
1790,8.25
1791,8.375
1792,6.5625
1793,8.375
1794,4.59375
1795,5.75
1796,8.375
1797,6.875
1798,4.78125
1799,8.75
1800,8.0625
1801,6.28125
1802,6.4375
1803,6.0625
1804,6.59375
1805,6.78125
1806,8.125
1807,6.375
1808,7.03125
1809,6.09375
1810,7.21875
1811,7.1875
1812,6.5
1813,7.78125
1814,8.6875
1815,5.875
1816,5.4375
1817,8.0
1818,6.90625
1819,5.9375
1820,5.40625
1821,6.6875
1822,6.0625
1823,7.4375
1824,5.40625
1825,6.40625
1826,6.125
1827,7.71875
1828,6.6875
1829,6.375
1830,9.0625
1831,6.6875
1832,9.75
1833,5.53125
1834,5.46875
1835,6.3125
1836,7.4375
1837,7.8125
1838,7.5625
1839,5.59375
1840,7.90625
1841,7.4375
1842,5.71875
1843,6.75
1844,7.25
1845,5.9375
1846,6.75
1847,7.3125
1848,7.25
1849,7.375
1850,9.0
1851,6.53125
1852,4.6875
1853,7.28125
1854,6.8125
1855,6.0625
1856,6.84375
1857,7.0625
1858,8.0625
1859,6.40625
1860,6.875
1861,4.5
1862,7.0
1863,5.71875
1864,6.28125
1865,7.59375
1866,6.71875
1867,7.34375
1868,6.90625
1869,6.84375
1870,5.5625
1871,7.65625
1872,7.59375
1873,8.8125
1874,6.84375
1875,6.15625
1876,6.75
1877,6.28125
1878,6.34375
1879,5.15625
1880,5.9375
1881,6.40625
1882,7.9375
1883,7.90625
1884,7.9375
1885,6.15625
1886,7.375
1887,5.53125
1888,6.71875
1889,5.9375
1890,7.625
1891,6.4375
1892,5.9375
1893,7.28125
1894,7.65625
1895,8.4375
1896,5.15625
1897,4.90625
1898,7.75
1899,5.90625
1900,5.6875
1901,7.1875
1902,7.59375
1903,8.4375
1904,6.53125
1905,7.90625
1906,7.90625
1907,7.15625
1908,8.125
1909,5.96875
1910,7.625
1911,7.46875
1912,8.375
1913,6.9375
1914,7.09375
1915,8.0
1916,6.40625
1917,5.75
1918,8.3125
1919,7.78125
1920,5.0
1921,5.5
1922,8.0625
1923,5.4375
1924,6.125
1925,5.6875
1926,7.5625
1927,9.375
1928,7.125
1929,7.75
1930,7.09375
1931,6.375
1932,8.25
1933,5.125
1934,6.84375
1935,7.59375
1936,9.4375
1937,7.3125
1938,7.03125
1939,6.6875
1940,5.84375
1941,7.59375
1942,6.34375
1943,7.90625
1944,7.65625
1945,6.625
1946,6.90625
1947,7.5
1948,5.96875
1949,5.625
1950,5.21875
1951,7.15625
1952,5.9375
1953,7.4375
1954,5.5625
1955,5.8125
1956,5.65625
1957,5.0625
1958,7.46875
1959,5.96875
1960,7.65625
1961,6.5625
1962,5.15625
1963,5.90625
1964,6.53125
1965,7.71875
1966,7.375
1967,7.3125
1968,6.03125
1969,5.8125
1970,7.375
1971,6.03125
1972,6.875
1973,6.90625
1974,7.28125
1975,7.5
1976,6.78125
1977,6.15625
1978,6.53125
1979,5.375
1980,7.0
1981,5.71875
1982,7.15625
1983,9.4375
1984,6.3125
1985,7.21875
1986,6.15625
1987,5.34375
1988,6.4375
1989,7.34375
1990,6.1875
1991,8.0
1992,4.40625
1993,7.03125
1994,7.15625
1995,7.875
1996,6.65625
1997,8.0
1998,5.84375
1999,7.0625
2000,7.09375
2001,8.3125
2002,7.5
2003,6.5625
2004,5.375
2005,5.625
2006,5.96875
2007,7.1875
2008,6.78125
2009,6.375
2010,6.21875
2011,6.6875
2012,9.125
2013,8.8125
2014,7.0625
2015,5.53125
2016,4.1875
2017,8.375
2018,7.15625
2019,5.9375
2020,6.65625
2021,7.15625
2022,8.5625
2023,9.1875
2024,7.15625
2025,5.9375
2026,7.125
2027,7.46875
2028,6.15625
2029,4.78125
2030,7.4375
2031,4.03125
2032,6.75
2033,9.4375
2034,6.71875
2035,7.21875
2036,6.40625
2037,7.3125
2038,7.6875
2039,6.34375
2040,7.53125
2041,5.875
2042,5.46875
2043,6.34375
2044,9.5625
2045,7.15625
2046,7.46875
2047,6.53125
2048,6.9375
2049,7.46875
2050,6.96875
2051,6.6875
2052,9.25
2053,5.8125
2054,7.9375
2055,5.84375
2056,5.6875
2057,5.65625
2058,6.40625
2059,5.9375
2060,6.09375
2061,6.46875
2062,5.3125
2063,5.34375
2064,6.9375
2065,7.84375
2066,7.4375
2067,6.96875
2068,5.71875
2069,5.375
2070,8.3125
2071,7.34375
2072,6.875
2073,5.53125
2074,8.1875
2075,7.5625
2076,6.84375
2077,6.0
2078,5.3125
2079,5.53125
2080,6.46875
2081,7.3125
2082,5.21875
2083,6.96875
2084,6.65625
2085,7.125
2086,6.40625
2087,5.21875
2088,9.25
2089,8.5625
2090,5.4375
2091,7.0625
2092,8.25
2093,7.34375
2094,7.09375
2095,8.5625
2096,7.125
2097,8.5
2098,6.84375
2099,6.15625
2100,5.25
2101,7.46875
2102,7.0
2103,6.75
2104,7.75
2105,6.375
2106,6.96875
2107,6.125
2108,8.1875
2109,8.6875
2110,6.3125
2111,5.21875
2112,5.4375
2113,7.53125
2114,6.375
2115,8.0625
2116,5.125
2117,6.28125
2118,6.84375
2119,5.15625
2120,7.9375
2121,7.1875
2122,6.65625
2123,5.8125
2124,5.34375
2125,7.78125
2126,6.75
2127,7.5
2128,6.46875
2129,7.8125
2130,6.59375
2131,6.71875
2132,6.46875
2133,6.78125
2134,6.125
2135,6.5625
2136,6.4375
2137,6.46875
2138,7.03125
2139,6.9375
2140,7.375
2141,6.4375
2142,7.09375
2143,6.71875
2144,6.4375
2145,7.09375
2146,4.375
2147,5.28125
2148,5.0
2149,8.0
2150,6.71875
2151,7.65625
2152,8.1875
2153,5.375
2154,5.5625
2155,6.71875
2156,5.59375
2157,5.8125
2158,7.28125
2159,6.84375
2160,6.28125
2161,5.40625
2162,6.6875
2163,7.3125
2164,6.875
2165,6.5625
2166,5.375
2167,6.53125
2168,7.25
2169,8.8125
2170,6.84375
2171,5.875
2172,8.25
2173,6.4375
2174,5.1875
2175,6.3125
2176,5.875
2177,5.1875
2178,8.75
2179,6.5625
2180,6.78125
2181,7.46875
2182,5.75
2183,6.5
2184,7.03125
2185,6.9375
2186,7.65625
2187,4.4375
2188,8.625
2189,6.9375
2190,5.5625
2191,5.5
2192,7.1875
2193,5.75
2194,7.6875
2195,5.09375
2196,6.59375
2197,4.90625
2198,6.34375
2199,5.96875
2200,7.03125
2201,6.875
2202,7.0
2203,6.6875
2204,7.46875
2205,7.65625
2206,6.09375
2207,6.125
2208,8.125
2209,6.6875
2210,8.5
2211,6.46875
2212,5.0625
2213,6.6875
2214,6.6875
2215,5.53125
2216,6.96875
2217,6.8125
2218,5.65625
2219,6.40625
2220,4.53125
2221,6.84375
2222,6.59375
2223,6.28125
2224,6.84375
2225,7.5
2226,8.0
2227,5.53125
2228,5.46875
2229,5.40625
2230,4.53125
2231,6.75
2232,6.78125
2233,8.6875
2234,6.71875
2235,5.78125
2236,8.3125
2237,6.34375
2238,8.125
2239,6.625
2240,6.875
2241,5.09375
2242,5.25
2243,5.53125
2244,5.375
2245,7.78125
2246,5.59375
2247,8.4375
2248,7.0625
2249,6.5
2250,7.03125
2251,4.84375
2252,6.96875
2253,6.0625
2254,5.65625
2255,5.375
2256,9.0
2257,6.46875
2258,6.03125
2259,6.84375
2260,6.65625
2261,6.59375
2262,5.28125
2263,5.21875
2264,8.0625
2265,5.59375
2266,7.03125
2267,7.15625
2268,8.25
2269,5.0625
2270,7.65625
2271,5.71875
2272,6.25
2273,7.125
2274,8.0625
2275,7.46875
2276,5.625
2277,5.3125
2278,5.09375
2279,6.5625
2280,5.96875
2281,6.59375
2282,4.8125
2283,5.84375
2284,6.46875
2285,7.1875
2286,5.46875
2287,7.625
2288,6.8125
2289,5.75
2290,5.0625
2291,4.96875
2292,7.4375
2293,6.15625
2294,6.0
2295,5.125
2296,5.5
2297,7.53125
2298,5.625
2299,5.5
2300,6.09375
2301,6.375
2302,7.25
2303,6.9375
2304,4.78125
2305,9.875
2306,5.8125
2307,8.5625
2308,6.25
2309,6.4375
2310,5.6875
2311,8.0625
2312,7.8125
2313,4.71875
2314,6.3125
2315,7.34375
2316,6.6875
2317,6.34375
2318,6.34375
2319,7.5625
2320,6.34375
2321,6.75
2322,6.84375
2323,6.5
2324,8.625
2325,6.5
2326,5.78125
2327,5.90625
2328,7.75
2329,7.59375
2330,7.78125
2331,6.59375
2332,6.71875
2333,6.21875
2334,7.03125
2335,6.59375
2336,6.84375
2337,7.4375
2338,4.96875
2339,6.1875
2340,7.40625
2341,6.0
2342,5.25
2343,5.625
2344,5.875
2345,7.0625
2346,5.9375
2347,5.0625
2348,6.59375
2349,7.0625
2350,5.375
2351,5.15625
2352,6.6875
2353,6.5
2354,7.25
2355,6.84375
2356,7.21875
2357,6.375
2358,6.28125
2359,6.1875
2360,6.125
2361,6.1875
2362,8.1875
2363,5.625
2364,4.6875
2365,7.9375
2366,4.65625
2367,5.71875
2368,5.84375
2369,5.3125
2370,5.09375
2371,6.125
2372,5.71875
2373,5.84375
2374,8.5625
2375,5.5
2376,4.84375
2377,6.09375
2378,6.34375
2379,6.71875
2380,5.1875
2381,6.21875
2382,5.8125
2383,5.59375
2384,7.5
2385,6.40625
2386,5.09375
2387,8.3125
2388,5.34375
2389,6.78125
2390,5.875
2391,5.84375
2392,5.90625
2393,7.8125
2394,6.78125
2395,5.59375
2396,5.0625
2397,7.09375
2398,6.0
2399,6.90625
2400,5.6875
2401,5.0625
2402,4.71875
2403,6.28125
2404,6.53125
2405,5.96875
2406,7.34375
2407,7.0625
2408,8.625
2409,7.90625
2410,6.90625
2411,6.40625
2412,6.5625
2413,7.9375
2414,6.34375
2415,4.625
2416,7.03125
2417,4.75
2418,7.09375
2419,7.84375
2420,5.125
2421,7.875
2422,5.75
2423,4.90625
2424,6.90625
2425,6.65625
2426,5.75
2427,7.5
2428,8.3125
2429,7.1875
2430,7.1875
2431,5.25
2432,5.71875
2433,5.21875
2434,6.4375
2435,7.71875
2436,6.53125
2437,6.6875
2438,5.4375
2439,6.40625
2440,7.03125
2441,5.0625
2442,6.25
2443,6.65625
2444,5.71875
2445,4.5
2446,5.15625
2447,8.125
2448,7.84375
2449,6.6875
2450,6.125
2451,7.46875
2452,6.3125
2453,6.0
2454,6.21875
2455,5.5
2456,6.90625
2457,6.34375
2458,6.25
2459,4.375
2460,5.46875
2461,4.90625
2462,5.84375
2463,6.5
2464,8.1875
2465,5.78125
2466,5.125
2467,7.3125
2468,8.25
2469,5.65625
2470,7.0625
2471,6.1875
2472,6.5
2473,7.03125
2474,5.59375
2475,5.875
2476,6.0
2477,5.875
2478,8.625
2479,7.1875
2480,6.5
2481,5.3125
2482,6.4375
2483,6.0
2484,5.25
2485,6.84375
2486,6.0
2487,6.625
2488,6.21875
2489,4.21875
2490,7.59375
2491,8.875
2492,6.53125
2493,5.21875
2494,6.96875
2495,8.5
2496,5.65625
2497,6.625
2498,6.84375
2499,5.1875
2500,5.53125
2501,5.46875
2502,8.125
2503,6.5
2504,6.0
2505,5.625
2506,6.09375
2507,4.59375
2508,6.90625
2509,5.75
2510,6.8125
2511,5.34375
2512,8.375
2513,7.03125
2514,4.9375
2515,5.53125
2516,7.0625
2517,6.125
2518,7.34375
2519,7.0625
2520,5.84375
2521,7.0
2522,4.625
2523,5.25
2524,5.125
2525,6.8125
2526,6.5625
2527,5.4375
2528,6.53125
2529,4.53125
2530,7.09375
2531,7.03125
2532,5.34375
2533,6.28125
2534,6.71875
2535,6.90625
2536,6.71875
2537,4.625
2538,6.5625
2539,6.75
2540,6.59375
2541,4.46875
2542,4.625
2543,6.0
2544,7.625
2545,5.8125
2546,7.21875
2547,5.4375
2548,4.59375
2549,5.875
2550,5.78125
2551,6.3125
2552,5.78125
2553,5.5625
2554,4.5625
2555,5.65625
2556,5.84375
2557,6.4375
2558,5.53125
2559,4.53125
2560,5.28125
2561,6.1875
2562,6.8125
2563,6.375
2564,6.84375
2565,5.46875
2566,5.25
2567,5.0625
2568,7.5
2569,6.375
2570,4.65625
2571,4.96875
2572,7.53125
2573,5.25
2574,7.0
2575,6.5
2576,6.875
2577,5.21875
2578,6.8125
2579,6.53125
2580,5.34375
2581,5.5625
2582,6.5625
2583,7.15625
2584,7.21875
2585,6.59375
2586,6.46875
2587,7.1875
2588,4.6875
2589,5.5625
2590,4.9375
2591,5.1875
2592,6.0
2593,5.53125
2594,5.78125
2595,5.625
2596,6.34375
2597,7.46875
2598,6.0
2599,6.9375
2600,6.5
2601,5.8125
2602,6.21875
2603,4.71875
2604,5.75
2605,7.8125
2606,6.28125
2607,7.84375
2608,5.40625
2609,6.28125
2610,5.3125
2611,4.875
2612,5.9375
2613,6.21875
2614,8.25
2615,6.03125
2616,7.9375
2617,4.875
2618,6.375
2619,7.4375
2620,6.78125
2621,7.46875
2622,5.78125
2623,6.8125
2624,4.71875
2625,6.03125
2626,5.46875
2627,6.21875
2628,6.53125
2629,4.5625
2630,5.46875
2631,7.34375
2632,5.03125
2633,6.0
2634,6.8125
2635,5.25
2636,7.125
2637,8.625
2638,6.5625
2639,6.15625
2640,5.28125
2641,5.875
2642,7.9375
2643,6.625
2644,6.9375
2645,5.65625
2646,6.3125
2647,5.65625
2648,6.15625
2649,6.34375
2650,6.75
2651,6.09375
2652,5.46875
2653,7.8125
2654,6.96875
2655,5.28125
2656,7.375
2657,6.03125
2658,4.59375
2659,5.15625
2660,6.4375
2661,4.4375
2662,5.0
2663,6.53125
2664,5.84375
2665,8.3125
2666,7.9375
2667,6.8125
2668,4.96875
2669,5.71875
2670,5.21875
2671,7.4375
2672,6.28125
2673,5.28125
2674,6.1875
2675,5.125
2676,5.90625
2677,5.625
2678,6.65625
2679,5.78125
2680,7.75
2681,7.90625
2682,7.03125
2683,5.90625
2684,5.34375
2685,7.75
2686,6.125
2687,5.0
2688,7.4375
2689,5.28125
2690,5.875
2691,5.5625
2692,5.90625
2693,5.375
2694,6.5625
2695,5.40625
2696,5.375
2697,5.4375
2698,5.78125
2699,7.125
2700,5.6875
2701,7.15625
2702,5.71875
2703,4.59375
2704,6.4375
2705,5.90625
2706,4.90625
2707,6.0
2708,5.03125
2709,5.875
2710,5.03125
2711,5.09375
2712,6.375
2713,7.6875
2714,4.4375
2715,7.8125
2716,5.15625
2717,9.375
2718,7.46875
2719,6.28125
2720,4.40625
2721,6.0
2722,5.5625
2723,5.53125
2724,6.4375
2725,5.34375
2726,5.28125
2727,5.84375
2728,5.75
2729,6.0625
2730,8.0625
2731,6.40625
2732,4.40625
2733,6.59375
2734,6.5
2735,6.4375
2736,7.71875
2737,7.4375
2738,7.9375
2739,7.15625
2740,5.90625
2741,5.15625
2742,4.84375
2743,6.0
2744,6.90625
2745,6.875
2746,4.9375
2747,6.03125
2748,5.71875
2749,6.0
2750,7.21875
2751,7.8125
2752,4.46875
2753,5.65625
2754,6.5625
2755,4.1875
2756,5.125
2757,4.84375
2758,5.59375
2759,6.625
2760,6.8125
2761,4.28125
2762,4.71875
2763,5.90625
2764,5.78125
2765,6.5625
2766,6.09375
2767,5.125
2768,6.375
2769,5.4375
2770,5.28125
2771,6.125
2772,4.96875
2773,7.09375
2774,7.40625
2775,5.15625
2776,4.53125
2777,5.6875
2778,5.40625
2779,7.65625
2780,5.5
2781,8.75
2782,5.46875
2783,5.34375
2784,4.6875
2785,5.34375
2786,5.0625
2787,7.59375
2788,4.78125
2789,5.78125
2790,5.96875
2791,7.5
2792,6.3125
2793,5.75
2794,4.75
2795,6.96875
2796,5.15625
2797,7.90625
2798,6.0625
2799,6.1875
2800,6.84375
2801,7.21875
2802,5.5625
2803,6.0625
2804,6.25
2805,4.875
2806,5.625
2807,6.125
2808,4.5625
2809,6.28125
2810,6.03125
2811,5.96875
2812,7.15625
2813,6.71875
2814,5.5625
2815,4.40625
2816,6.21875
2817,5.8125
2818,5.09375
2819,5.71875
2820,4.78125
2821,5.5
2822,8.6875
2823,7.4375
2824,4.4375
2825,7.40625
2826,5.625
2827,6.53125
2828,6.46875
2829,6.125
2830,6.0625
2831,5.09375
2832,8.1875
2833,6.40625
2834,6.9375
2835,6.125
2836,5.59375
2837,4.5625
2838,6.125
2839,6.125
2840,5.40625
2841,6.28125
2842,5.78125
2843,4.8125
2844,5.5
2845,6.3125
2846,7.34375
2847,7.34375
2848,6.1875
2849,5.0
2850,6.84375
2851,5.84375
2852,4.65625
2853,5.40625
2854,4.75
2855,9.1875
2856,6.5
2857,5.75
2858,7.40625
2859,6.375
2860,6.53125
2861,5.53125
2862,5.0625
2863,6.65625
2864,7.15625
2865,6.03125
2866,6.46875
2867,6.625
2868,7.03125
2869,6.125
2870,4.09375
2871,5.90625
2872,6.4375
2873,6.8125
2874,6.09375
2875,7.03125
2876,5.28125
2877,7.125
2878,6.15625
2879,6.84375
2880,6.15625
2881,4.25
2882,5.4375
2883,7.8125
2884,7.71875
2885,5.03125
2886,6.5625
2887,7.125
2888,6.28125
2889,5.625
2890,6.59375
2891,8.3125
2892,5.875
2893,6.28125
2894,8.5625
2895,5.125
2896,7.28125
2897,5.0625
2898,5.71875
2899,6.53125
2900,5.03125
2901,5.21875
2902,7.1875
2903,6.09375
2904,5.34375
2905,4.625
2906,5.40625
2907,6.09375
2908,6.375
2909,5.53125
2910,7.5
2911,6.1875
2912,5.84375
2913,5.75
2914,5.0
2915,5.90625
2916,6.03125
2917,5.0625
2918,5.59375
2919,7.0
2920,5.25
2921,5.78125
2922,7.0625
2923,6.875
2924,4.5625
2925,6.6875
2926,5.46875
2927,7.875
2928,7.75
2929,5.78125
2930,6.9375
2931,4.46875
2932,5.9375
2933,5.1875
2934,5.1875
2935,6.1875
2936,7.09375
2937,4.21875
2938,6.28125
2939,4.375
2940,5.65625
2941,5.6875
2942,5.71875
2943,7.84375
2944,7.53125
2945,3.71875
2946,4.8125
2947,4.71875
2948,5.15625
2949,8.0625
2950,4.71875
2951,6.75
2952,8.6875
2953,5.75
2954,6.46875
2955,5.875
2956,5.875
2957,5.53125
2958,6.09375
2959,6.25
2960,5.90625
2961,4.15625
2962,5.25
2963,6.5625
2964,4.3125
2965,8.0625
2966,5.40625
2967,6.0625
2968,6.6875
2969,6.625
2970,7.40625
2971,6.90625
2972,5.1875
2973,6.28125
2974,5.375
2975,5.6875
2976,5.65625
2977,8.5
2978,6.375
2979,7.375
2980,4.71875
2981,4.21875
2982,7.09375
2983,6.625
2984,6.125
2985,6.84375
2986,4.90625
2987,5.75
2988,5.8125
2989,4.875
2990,4.6875
2991,7.0
2992,6.5625
2993,7.3125
2994,6.15625
2995,7.625
2996,5.6875
2997,7.125
2998,6.0
2999,4.875
3000,5.78125
3001,7.28125
3002,6.625
3003,6.375
3004,6.84375
3005,4.75
3006,6.65625
3007,4.96875
3008,6.53125
3009,4.75
3010,7.1875
3011,8.0
3012,5.5625
3013,8.0625
3014,4.53125
3015,4.75
3016,6.78125
3017,7.1875
3018,6.21875
3019,4.53125
3020,5.3125
3021,6.59375
3022,4.25
3023,6.0625
3024,5.46875
3025,6.03125
3026,6.34375
3027,4.90625
3028,4.71875
3029,4.0
3030,5.78125
3031,6.46875
3032,6.46875
3033,5.09375
3034,6.96875
3035,5.875
3036,7.75
3037,6.75
3038,5.96875
3039,6.75
3040,6.125
3041,5.9375
3042,6.25
3043,5.03125
3044,5.125
3045,6.5
3046,5.5625
3047,6.25
3048,5.03125
3049,7.09375
3050,5.78125
3051,4.65625
3052,5.375
3053,4.28125
3054,5.53125
3055,7.03125
3056,6.375
3057,6.0625
3058,4.71875
3059,6.4375
3060,6.84375
3061,5.9375
3062,5.59375
3063,6.0625
3064,6.0
3065,6.0
3066,6.25
3067,4.6875
3068,6.84375
3069,5.625
3070,5.75
3071,6.0
3072,6.96875
3073,6.6875
3074,4.875
3075,6.03125
3076,5.25
3077,6.375
3078,5.15625
3079,6.65625
3080,5.09375
3081,5.6875
3082,5.9375
3083,5.53125
3084,5.1875
3085,5.625
3086,3.9375
3087,6.78125
3088,7.40625
3089,6.15625
3090,5.125
3091,5.0625
3092,6.3125
3093,4.9375
3094,5.21875
3095,5.53125
3096,6.28125
3097,6.6875
3098,6.28125
3099,6.78125
3100,5.75
3101,6.96875
3102,6.65625
3103,4.875
3104,6.46875
3105,5.75
3106,5.625
3107,6.75
3108,5.96875
3109,7.71875
3110,5.875
3111,4.875
3112,6.25
3113,5.9375
3114,7.09375
3115,5.6875
3116,5.84375
3117,5.65625
3118,4.96875
3119,7.59375
3120,4.96875
3121,5.8125
3122,4.9375
3123,5.65625
3124,5.4375
3125,4.875
3126,6.25
3127,7.875
3128,8.0
3129,5.25
3130,5.0625
3131,5.71875
3132,5.125
3133,5.875
3134,8.0625
3135,5.875
3136,6.25
3137,6.28125
3138,5.90625
3139,6.46875
3140,5.15625
3141,4.96875
3142,5.78125
3143,6.46875
3144,7.5
3145,6.4375
3146,5.65625
3147,5.5625
3148,6.28125
3149,6.25
3150,5.9375
3151,5.78125
3152,4.75
3153,4.71875
3154,6.28125
3155,8.0625
3156,7.28125
3157,5.90625
3158,6.84375
3159,6.75
3160,4.3125
3161,7.8125
3162,6.21875
3163,6.625
3164,6.28125
3165,8.375
3166,5.625
3167,6.34375
3168,4.5625
3169,5.9375
3170,5.34375
3171,7.34375
3172,5.625
3173,5.96875
3174,6.59375
3175,5.78125
3176,4.90625
3177,6.21875
3178,6.59375
3179,5.71875
3180,7.46875
3181,7.90625
3182,7.3125
3183,4.0625
3184,7.59375
3185,6.4375
3186,6.3125
3187,5.375
3188,6.03125
3189,5.46875
3190,5.84375
3191,7.0
3192,6.25
3193,5.65625
3194,5.34375
3195,6.25
3196,5.0625
3197,6.84375
3198,3.8125
3199,5.6875
3200,5.875
3201,6.375
3202,6.09375
3203,5.9375
3204,6.65625
3205,7.1875
3206,8.6875
3207,5.875
3208,5.5
3209,7.1875
3210,5.875
3211,4.84375
3212,4.78125
3213,8.1875
3214,7.25
3215,6.75
3216,8.25
3217,4.4375
3218,4.4375
3219,7.5625
3220,5.75
3221,7.0625
3222,5.84375
3223,5.28125
3224,5.4375
3225,6.375
3226,4.78125
3227,5.875
3228,6.6875
3229,5.65625
3230,5.25
3231,7.375
3232,7.40625
3233,5.46875
3234,5.84375
3235,6.0
3236,5.03125
3237,5.28125
3238,4.625
3239,5.84375
3240,3.953125
3241,6.28125
3242,5.84375
3243,6.8125
3244,7.625
3245,5.1875
3246,5.5625
3247,5.875
3248,5.25
3249,4.53125
3250,8.125
3251,5.96875
3252,6.8125
3253,6.125
3254,5.84375
3255,5.1875
3256,5.1875
3257,6.4375
3258,7.1875
3259,5.53125
3260,8.625
3261,6.125
3262,7.375
3263,5.96875
3264,5.5
3265,6.53125
3266,6.03125
3267,7.03125
3268,5.46875
3269,5.4375
3270,5.78125
3271,5.25
3272,6.71875
3273,5.96875
3274,5.875
3275,5.9375
3276,6.375
3277,6.53125
3278,6.3125
3279,5.625
3280,5.25
3281,4.96875
3282,5.40625
3283,7.0
3284,6.90625
3285,5.84375
3286,4.75
3287,7.03125
3288,4.25
3289,6.40625
3290,7.28125
3291,5.0
3292,4.28125
3293,5.53125
3294,5.875
3295,4.78125
3296,5.875
3297,6.15625
3298,8.1875
3299,5.03125
3300,4.8125
3301,5.03125
3302,5.125
3303,5.28125
3304,5.90625
3305,5.9375
3306,5.65625
3307,5.28125
3308,7.21875
3309,5.1875
3310,7.6875
3311,6.375
3312,5.46875
3313,5.625
3314,6.0625
3315,6.65625
3316,6.375
3317,5.09375
3318,6.46875
3319,6.5625
3320,4.78125
3321,7.5625
3322,6.40625
3323,6.25
3324,6.34375
3325,6.28125
3326,6.21875
3327,6.4375
3328,6.75
3329,4.03125
3330,6.09375
3331,4.875
3332,6.375
3333,6.25
3334,5.71875
3335,5.375
3336,6.59375
3337,5.125
3338,6.65625
3339,5.375
3340,6.375
3341,5.5
3342,5.03125
3343,8.125
3344,6.5625
3345,4.53125
3346,5.875
3347,5.4375
3348,4.375
3349,5.15625
3350,7.5625
3351,5.6875
3352,6.8125
3353,6.15625
3354,8.0625
3355,4.71875
3356,5.375
3357,4.78125
3358,4.46875
3359,6.25
3360,5.34375
3361,4.8125
3362,4.40625
3363,4.84375
3364,6.78125
3365,5.125
3366,5.75
3367,5.5
3368,7.40625
3369,5.6875
3370,5.6875
3371,4.8125
3372,5.8125
3373,6.25
3374,6.75
3375,5.59375
3376,5.9375
3377,5.0625
3378,5.6875
3379,4.5
3380,5.46875
3381,6.0
3382,4.90625
3383,5.4375
3384,6.59375
3385,6.59375
3386,5.78125
3387,5.125
3388,5.4375
3389,5.59375
3390,5.25
3391,5.5625
3392,4.9375
3393,5.84375
3394,5.78125
3395,7.0
3396,5.34375
3397,8.125
3398,4.25
3399,6.8125
3400,5.3125
3401,6.125
3402,6.875
3403,5.125
3404,7.09375
3405,8.25
3406,5.15625
3407,4.8125
3408,5.34375
3409,6.4375
3410,5.25
3411,5.71875
3412,6.21875
3413,5.71875
3414,4.65625
3415,5.09375
3416,6.34375
3417,4.5625
3418,5.75
3419,6.125
3420,6.53125
3421,5.59375
3422,5.9375
3423,7.0
3424,6.40625
3425,5.28125
3426,6.40625
3427,6.34375
3428,4.90625
3429,6.15625
3430,5.53125
3431,6.8125
3432,5.0
3433,5.5625
3434,5.65625
3435,6.125
3436,5.78125
3437,5.65625
3438,4.875
3439,4.90625
3440,5.25
3441,5.03125
3442,7.15625
3443,6.125
3444,5.625
3445,5.9375
3446,5.78125
3447,5.34375
3448,6.125
3449,3.6875
3450,3.515625
3451,7.0625
3452,4.9375
3453,6.1875
3454,6.40625
3455,5.875
3456,9.0625
3457,5.9375
3458,5.21875
3459,5.25
3460,6.1875
3461,5.65625
3462,6.25
3463,5.71875
3464,4.625
3465,4.78125
3466,4.65625
3467,5.5625
3468,4.9375
3469,4.9375
3470,5.4375
3471,4.9375
3472,6.34375
3473,5.03125
3474,6.34375
3475,7.0625
3476,6.625
3477,5.40625
3478,5.78125
3479,4.875
3480,6.21875
3481,6.46875
3482,5.3125
3483,4.125
3484,5.4375
3485,4.6875
3486,5.625
3487,3.890625
3488,5.3125
3489,6.71875
3490,5.875
3491,5.71875
3492,5.03125
3493,5.96875
3494,7.03125
3495,5.71875
3496,5.9375
3497,5.65625
3498,5.0625
3499,6.28125
3500,4.3125
3501,5.28125
3502,7.75
3503,5.0
3504,5.9375
3505,7.75
3506,6.25
3507,5.5
3508,6.0
3509,5.90625
3510,5.125
3511,4.90625
3512,5.125
3513,8.4375
3514,5.90625
3515,4.46875
3516,5.15625
3517,4.9375
3518,5.5
3519,4.59375
3520,6.125
3521,5.84375
3522,5.1875
3523,4.3125
3524,5.5625
3525,6.125
3526,6.53125
3527,5.90625
3528,4.28125
3529,6.65625
3530,4.40625
3531,8.1875
3532,6.625
3533,6.09375
3534,5.1875
3535,4.75
3536,5.125
3537,5.5625
3538,5.0625
3539,6.96875
3540,5.09375
3541,5.84375
3542,7.0625
3543,4.375
3544,4.625
3545,6.15625
3546,6.40625
3547,5.40625
3548,6.5625
3549,5.9375
3550,4.03125
3551,5.75
3552,6.03125
3553,5.03125
3554,4.875
3555,5.03125
3556,6.53125
3557,5.125
3558,5.71875
3559,4.90625
3560,6.125
3561,5.9375
3562,6.09375
3563,6.15625
3564,6.46875
3565,7.15625
3566,6.75
3567,5.59375
3568,5.3125
3569,4.59375
3570,5.90625
3571,5.5625
3572,5.09375
3573,7.03125
3574,5.4375
3575,5.03125
3576,5.375
3577,6.65625
3578,3.671875
3579,5.1875
3580,5.5
3581,5.21875
3582,5.0625
3583,4.84375
3584,6.3125
3585,5.375
3586,5.3125
3587,7.53125
3588,7.4375
3589,5.59375
3590,5.125
3591,7.15625
3592,7.1875
3593,4.375
3594,7.0
3595,5.875
3596,6.0
3597,4.875
3598,6.125
3599,3.9375
3600,5.90625
3601,3.984375
3602,4.875
3603,5.28125
3604,3.796875
3605,4.90625
3606,5.21875
3607,5.90625
3608,4.0625
3609,5.09375
3610,4.8125
3611,5.75
3612,6.40625
3613,6.21875
3614,6.84375
3615,5.4375
3616,6.21875
3617,5.71875
3618,6.875
3619,5.28125
3620,6.5625
3621,6.1875
3622,4.53125
3623,4.90625
3624,8.4375
3625,4.46875
3626,6.46875
3627,5.15625
3628,4.59375
3629,6.03125
3630,5.375
3631,5.34375
3632,5.90625
3633,5.71875
3634,6.8125
3635,4.75
3636,5.6875
3637,5.09375
3638,4.78125
3639,6.3125
3640,4.65625
3641,5.28125
3642,6.5625
3643,5.21875
3644,6.78125
3645,5.0
3646,5.28125
3647,4.8125
3648,5.6875
3649,4.96875
3650,6.53125
3651,7.09375
3652,5.46875
3653,4.78125
3654,8.5625
3655,5.09375
3656,4.9375
3657,5.4375
3658,5.34375
3659,6.375
3660,4.3125
3661,7.5
3662,5.8125
3663,5.0625
3664,5.6875
3665,4.3125
3666,5.40625
3667,5.71875
3668,5.21875
3669,5.59375
3670,7.9375
3671,4.9375
3672,4.78125
3673,5.65625
3674,5.46875
3675,6.59375
3676,6.0
3677,4.59375
3678,5.40625
3679,7.1875
3680,5.03125
3681,6.6875
3682,4.6875
3683,4.6875
3684,4.4375
3685,6.40625
3686,6.15625
3687,5.96875
3688,6.90625
3689,6.5625
3690,5.28125
3691,5.625
3692,5.125
3693,6.375
3694,7.09375
3695,8.0625
3696,5.59375
3697,6.03125
3698,6.59375
3699,4.53125
3700,5.28125
3701,4.53125
3702,6.15625
3703,6.09375
3704,6.84375
3705,4.8125
3706,4.9375
3707,6.28125
3708,3.75
3709,6.1875
3710,6.03125
3711,6.125
3712,6.3125
3713,8.1875
3714,6.03125
3715,4.90625
3716,6.75
3717,5.5625
3718,5.0625
3719,7.1875
3720,4.96875
3721,4.8125
3722,6.625
3723,4.5
3724,5.5
3725,5.15625
3726,5.1875
3727,4.625
3728,5.0
3729,6.96875
3730,5.1875
3731,5.28125
3732,5.25
3733,6.28125
3734,5.65625
3735,5.65625
3736,5.125
3737,6.0625
3738,4.875
3739,4.3125
3740,4.90625
3741,6.0625
3742,4.375
3743,6.125
3744,7.1875
3745,5.65625
3746,6.03125
3747,4.9375
3748,7.03125
3749,5.46875
3750,4.90625
3751,5.28125
3752,5.28125
3753,6.6875
3754,6.5625
3755,6.40625
3756,6.84375
3757,6.96875
3758,4.71875
3759,4.6875
3760,4.78125
3761,5.125
3762,7.6875
3763,4.9375
3764,5.03125
3765,5.90625
3766,3.921875
3767,4.5
3768,4.90625
3769,6.46875
3770,5.9375
3771,6.15625
3772,5.21875
3773,5.65625
3774,6.5625
3775,6.09375
3776,5.78125
3777,5.40625
3778,5.46875
3779,4.75
3780,5.90625
3781,5.21875
3782,6.5625
3783,4.375
3784,6.5
3785,3.953125
3786,5.5
3787,6.78125
3788,4.78125
3789,4.90625
3790,4.125
3791,4.96875
3792,5.25
3793,4.6875
3794,7.09375
3795,6.53125
3796,6.34375
3797,4.5625
3798,6.4375
3799,4.21875
3800,6.3125
3801,6.96875
3802,7.03125
3803,6.1875
3804,4.3125
3805,5.53125
3806,3.15625
3807,4.53125
3808,5.65625
3809,4.53125
3810,6.8125
3811,4.71875
3812,4.875
3813,4.96875
3814,5.21875
3815,6.40625
3816,6.09375
3817,5.09375
3818,5.46875
3819,5.3125
3820,6.25
3821,5.375
3822,5.8125
3823,7.46875
3824,4.6875
3825,5.09375
3826,4.96875
3827,4.625
3828,4.65625
3829,4.875
3830,5.75
3831,5.40625
3832,4.4375
3833,4.59375
3834,5.0625
3835,6.375
3836,5.84375
3837,4.78125
3838,5.28125
3839,5.40625
3840,5.53125
3841,5.1875
3842,5.09375
3843,6.625
3844,5.875
3845,7.59375
3846,5.90625
3847,6.5625
3848,4.28125
3849,6.21875
3850,6.25
3851,6.5625
3852,6.46875
3853,6.125
3854,6.0
3855,4.5625
3856,5.40625
3857,4.3125
3858,5.375
3859,4.09375
3860,6.375
3861,6.09375
3862,5.5625
3863,5.53125
3864,6.65625
3865,6.96875
3866,7.03125
3867,5.4375
3868,5.71875
3869,4.8125
3870,4.0625
3871,5.28125
3872,5.03125
3873,5.1875
3874,7.5625
3875,5.4375
3876,6.71875
3877,5.09375
3878,5.28125
3879,6.3125
3880,4.09375
3881,4.71875
3882,6.0625
3883,6.34375
3884,5.65625
3885,5.71875
3886,5.46875
3887,5.40625
3888,7.4375
3889,4.9375
3890,5.3125
3891,6.5
3892,5.25
3893,5.4375
3894,4.53125
3895,5.6875
3896,4.8125
3897,7.375
3898,6.625
3899,6.5
3900,7.75
3901,5.90625
3902,4.71875
3903,5.8125
3904,5.34375
3905,5.0
3906,4.875
3907,5.71875
3908,6.03125
3909,6.0625
3910,5.40625
3911,5.8125
3912,6.9375
3913,6.03125
3914,4.8125
3915,5.375
3916,5.1875
3917,4.9375
3918,5.0625
3919,4.6875
3920,5.9375
3921,6.15625
3922,4.5
3923,5.21875
3924,5.25
3925,5.125
3926,6.6875
3927,6.1875
3928,5.78125
3929,7.625
3930,5.375
3931,4.90625
3932,5.71875
3933,6.65625
3934,6.625
3935,6.28125
3936,5.46875
3937,5.8125
3938,6.5
3939,6.34375
3940,6.8125
3941,4.03125
3942,4.46875
3943,4.34375
3944,4.28125
3945,6.875
3946,5.4375
3947,5.53125
3948,7.5
3949,5.40625
3950,5.15625
3951,5.71875
3952,7.0
3953,6.4375
3954,6.875
3955,4.3125
3956,4.4375
3957,7.3125
3958,8.0
3959,5.5625
3960,5.1875
3961,5.90625
3962,5.28125
3963,5.625
3964,4.15625
3965,5.6875
3966,4.78125
3967,4.5
3968,5.4375
3969,5.0625
3970,5.15625
3971,5.25
3972,4.46875
3973,5.1875
3974,8.1875
3975,5.4375
3976,5.71875
3977,5.5
3978,6.0625
3979,5.625
3980,5.125
3981,4.90625
3982,6.21875
3983,5.65625
3984,6.59375
3985,5.28125
3986,5.40625
3987,4.875
3988,5.96875
3989,5.1875
3990,5.0
3991,4.28125
3992,6.46875
3993,6.6875
3994,6.0
3995,6.0
3996,6.375
3997,5.28125
3998,5.09375
3999,6.0625
4000,5.46875
4001,6.21875
4002,5.40625
4003,6.59375
4004,4.90625
4005,4.90625
4006,5.9375
4007,5.3125
4008,4.6875
4009,4.5625
4010,6.53125
4011,4.9375
4012,7.375
4013,6.34375
4014,5.3125
4015,5.375
4016,6.28125
4017,6.65625
4018,6.09375
4019,5.4375
4020,5.34375
4021,5.5625
4022,6.1875
4023,6.3125
4024,4.6875
4025,5.53125
4026,4.3125
4027,6.1875
4028,5.625
4029,4.40625
4030,5.09375
4031,4.8125
4032,6.75
4033,4.375
4034,6.25
4035,6.28125
4036,7.21875
4037,7.25
4038,4.59375
4039,5.34375
4040,5.25
4041,6.4375
4042,5.125
4043,5.5
4044,4.9375
4045,5.59375
4046,4.03125
4047,7.0625
4048,7.4375
4049,6.1875
4050,6.125
4051,5.6875
4052,5.96875
4053,8.25
4054,6.84375
4055,5.0625
4056,5.46875
4057,4.75
4058,5.375
4059,6.0
4060,6.96875
4061,5.90625
4062,5.40625
4063,3.84375
4064,4.65625
4065,4.84375
4066,5.25
4067,5.15625
4068,7.125
4069,6.25
4070,5.125
4071,6.1875
4072,4.78125
4073,4.375
4074,6.125
4075,5.3125
4076,6.03125
4077,4.625
4078,4.59375
4079,4.375
4080,6.0625
4081,5.375
4082,5.5
4083,5.21875
4084,5.5
4085,5.90625
4086,5.78125
4087,5.40625
4088,8.1875
4089,4.53125
4090,4.875
4091,6.6875
4092,5.6875
4093,6.09375
4094,5.90625
4095,4.03125
4096,5.78125
4097,6.0
4098,6.34375
4099,5.53125
4100,5.375
4101,6.3125
4102,6.90625
4103,4.34375
4104,4.1875
4105,5.78125
4106,5.125
4107,4.0
4108,5.71875
4109,5.40625
4110,4.65625
4111,5.09375
4112,5.40625
4113,5.96875
4114,4.125
4115,6.125
4116,4.9375
4117,6.15625
4118,6.125
4119,5.875
4120,4.90625
4121,6.125
4122,5.59375
4123,5.15625
4124,5.71875
4125,5.78125
4126,6.96875
4127,4.96875
4128,6.3125
4129,7.15625
4130,4.5625
4131,5.96875
4132,5.59375
4133,5.90625
4134,5.375
4135,4.40625
4136,5.40625
4137,4.0625
4138,4.4375
4139,6.09375
4140,6.125
4141,4.875
4142,6.34375
4143,5.21875
4144,6.34375
4145,5.65625
4146,5.0625
4147,5.59375
4148,6.09375
4149,4.84375
4150,6.1875
4151,6.6875
4152,4.65625
4153,4.8125
4154,5.15625
4155,5.34375
4156,5.15625
4157,6.5625
4158,4.40625
4159,3.671875
4160,6.0
4161,7.25
4162,4.34375
4163,4.125
4164,8.5
4165,5.03125
4166,6.625
4167,4.96875
4168,5.375
4169,6.4375
4170,5.0625
4171,6.21875
4172,7.1875
4173,5.9375
4174,5.9375
4175,4.5625
4176,4.375
4177,4.40625
4178,4.5625
4179,4.75
4180,5.21875
4181,4.84375
4182,5.15625
4183,6.9375
4184,5.5625
4185,4.96875
4186,4.78125
4187,4.71875
4188,6.75
4189,6.25
4190,5.0
4191,5.21875
4192,4.28125
4193,7.03125
4194,5.6875
4195,6.0
4196,6.78125
4197,5.09375
4198,6.0
4199,4.8125
4200,6.3125
4201,6.4375
4202,4.8125
4203,5.9375
4204,4.625
4205,4.9375
4206,4.71875
4207,4.71875
4208,8.25
4209,7.0
4210,4.6875
4211,4.65625
4212,5.03125
4213,6.84375
4214,3.75
4215,5.21875
4216,5.03125
4217,6.09375
4218,6.1875
4219,5.78125
4220,5.4375
4221,5.375
4222,4.15625
4223,7.125
4224,5.5625
4225,7.0
4226,5.40625
4227,4.28125
4228,5.8125
4229,4.5625
4230,6.03125
4231,7.71875
4232,6.46875
4233,6.34375
4234,4.0625
4235,6.15625
4236,5.625
4237,4.0
4238,4.8125
4239,6.25
4240,7.84375
4241,7.375
4242,5.625
4243,4.90625
4244,5.0
4245,5.96875
4246,5.4375
4247,6.5
4248,4.8125
4249,7.09375
4250,5.34375
4251,5.71875
4252,7.21875
4253,4.625
4254,5.65625
4255,4.90625
4256,5.03125
4257,4.96875
4258,6.5
4259,6.21875
4260,4.25
4261,6.4375
4262,5.40625
4263,5.3125
4264,3.796875
4265,5.65625
4266,5.4375
4267,4.25
4268,6.40625
4269,5.375
4270,5.40625
4271,5.03125
4272,6.53125
4273,4.71875
4274,4.5
4275,6.21875
4276,8.0625
4277,5.71875
4278,4.0625
4279,4.8125
4280,8.0625
4281,5.875
4282,4.09375
4283,5.78125
4284,5.5625
4285,4.5625
4286,5.375
4287,4.5625
4288,5.21875
4289,6.125
4290,4.0625
4291,5.71875
4292,4.84375
4293,5.59375
4294,5.78125
4295,5.5
4296,5.78125
4297,5.5625
4298,6.65625
4299,5.3125
4300,5.5625
4301,7.0625
4302,6.5
4303,5.40625
4304,4.28125
4305,7.4375
4306,4.9375
4307,5.125
4308,5.53125
4309,4.4375
4310,5.34375
4311,4.25
4312,5.875
4313,6.09375
4314,4.46875
4315,5.75
4316,4.96875
4317,4.28125
4318,6.59375
4319,4.5
4320,4.3125
4321,5.59375
4322,4.9375
4323,7.96875
4324,6.28125
4325,5.78125
4326,6.53125
4327,4.25
4328,6.9375
4329,4.8125
4330,6.625
4331,5.25
4332,5.5625
4333,6.34375
4334,4.40625
4335,4.5
4336,6.3125
4337,4.84375
4338,6.375
4339,4.78125
4340,6.25
4341,6.25
4342,5.96875
4343,7.0625
4344,4.6875
4345,4.96875
4346,5.25
4347,5.84375
4348,6.28125
4349,5.15625
4350,5.59375
4351,5.15625
4352,4.21875
4353,3.5
4354,5.25
4355,6.34375
4356,4.90625
4357,5.71875
4358,7.6875
4359,4.90625
4360,5.125
4361,4.9375
4362,5.15625
4363,5.21875
4364,3.640625
4365,5.78125
4366,5.1875
4367,5.34375
4368,4.75
4369,4.8125
4370,5.78125
4371,5.25
4372,5.3125
4373,6.15625
4374,5.0
4375,7.84375
4376,3.4375
4377,5.0625
4378,5.84375
4379,4.6875
4380,6.15625
4381,6.6875
4382,3.703125
4383,4.3125
4384,6.09375
4385,5.09375
4386,6.4375
4387,4.40625
4388,5.53125
4389,5.03125
4390,5.21875
4391,5.46875
4392,6.03125
4393,5.03125
4394,4.90625
4395,5.375
4396,6.84375
4397,5.84375
4398,5.375
4399,6.21875
4400,6.09375
4401,5.0625
4402,6.21875
4403,4.25
4404,6.125
4405,6.71875
4406,5.78125
4407,6.3125
4408,7.53125
4409,4.75
4410,6.28125
4411,5.375
4412,5.4375
4413,4.875
4414,4.59375
4415,6.4375
4416,4.5
4417,5.15625
4418,4.65625
4419,5.40625
4420,5.46875
4421,4.90625
4422,5.75
4423,4.75
4424,5.0625
4425,6.03125
4426,5.6875
4427,6.40625
4428,5.59375
4429,7.03125
4430,5.4375
4431,5.1875
4432,5.875
4433,6.25
4434,7.0
4435,5.78125
4436,5.21875
4437,7.90625
4438,5.5
4439,4.5625
4440,4.125
4441,6.65625
4442,5.6875
4443,5.4375
4444,6.90625
4445,4.625
4446,4.84375
4447,6.875
4448,4.0625
4449,6.59375
4450,7.34375
4451,5.75
4452,4.0
4453,6.0625
4454,4.75
4455,6.65625
4456,5.8125
4457,4.0625
4458,5.03125
4459,7.90625
4460,4.65625
4461,4.53125
4462,5.5
4463,7.0
4464,5.375
4465,5.875
4466,6.28125
4467,6.3125
4468,4.21875
4469,6.03125
4470,5.25
4471,6.8125
4472,4.75
4473,6.78125
4474,6.03125
4475,5.21875
4476,4.34375
4477,4.625
4478,5.6875
4479,7.0
4480,5.03125
4481,5.625
4482,6.03125
4483,5.6875
4484,5.09375
4485,4.09375
4486,6.125
4487,5.9375
4488,4.90625
4489,4.875
4490,6.21875
4491,4.40625
4492,4.65625
4493,5.0
4494,4.71875
4495,5.125
4496,4.6875
4497,5.6875
4498,5.9375
4499,4.96875
4500,4.78125
4501,4.625
4502,5.625
4503,5.9375
4504,5.125
4505,6.125
4506,4.34375
4507,6.0
4508,6.15625
4509,5.28125
4510,7.15625
4511,4.09375
4512,4.96875
4513,3.78125
4514,4.5
4515,4.9375
4516,5.59375
4517,5.15625
4518,5.125
4519,5.5
4520,5.65625
4521,6.1875
4522,5.96875
4523,4.78125
4524,5.96875
4525,5.75
4526,5.09375
4527,5.1875
4528,4.6875
4529,5.9375
4530,8.375
4531,5.28125
4532,5.125
4533,5.8125
4534,6.53125
4535,7.875
4536,4.625
4537,5.84375
4538,4.4375
4539,6.84375
4540,5.4375
4541,6.90625
4542,6.03125
4543,4.34375
4544,5.25
4545,4.65625
4546,5.03125
4547,5.5625
4548,6.75
4549,5.5
4550,4.59375
4551,6.25
4552,4.5625
4553,5.03125
4554,6.1875
4555,7.0625
4556,4.78125
4557,5.5625
4558,6.15625
4559,4.8125
4560,5.40625
4561,4.1875
4562,4.8125
4563,6.09375
4564,4.34375
4565,7.75
4566,5.71875
4567,5.53125
4568,5.65625
4569,5.9375
4570,5.53125
4571,5.34375
4572,5.65625
4573,5.46875
4574,6.625
4575,5.75
4576,4.34375
4577,6.84375
4578,5.21875
4579,6.90625
4580,6.21875
4581,6.9375
4582,6.125
4583,4.96875
4584,5.0
4585,5.03125
4586,5.3125
4587,5.75
4588,4.90625
4589,7.1875
4590,4.65625
4591,7.15625
4592,6.53125
4593,5.03125
4594,6.09375
4595,4.34375
4596,4.875
4597,5.4375
4598,5.15625
4599,5.25
4600,5.4375
4601,5.875
4602,5.4375
4603,5.09375
4604,6.5625
4605,5.78125
4606,5.6875
4607,4.71875
4608,5.875
4609,5.4375
4610,6.90625
4611,5.1875
4612,6.28125
4613,7.03125
4614,4.125
4615,5.21875
4616,4.84375
4617,3.484375
4618,5.78125
4619,5.0625
4620,4.8125
4621,5.15625
4622,5.0
4623,5.25
4624,6.59375
4625,6.625
4626,5.25
4627,5.34375
4628,8.1875
4629,5.59375
4630,5.8125
4631,5.375
4632,5.4375
4633,5.1875
4634,5.71875
4635,6.96875
4636,5.5625
4637,6.15625
4638,6.6875
4639,6.59375
4640,7.625
4641,6.4375
4642,4.34375
4643,5.34375
4644,5.96875
4645,4.6875
4646,5.65625
4647,5.34375
4648,4.90625
4649,6.75
4650,5.1875
4651,3.703125
4652,4.875
4653,6.28125
4654,5.1875
4655,4.875
4656,6.21875
4657,5.1875
4658,4.59375
4659,6.8125
4660,5.84375
4661,4.84375
4662,5.625
4663,5.28125
4664,5.84375
4665,7.28125
4666,6.46875
4667,5.25
4668,5.6875
4669,5.59375
4670,5.71875
4671,4.59375
4672,6.90625
4673,5.53125
4674,4.84375
4675,4.46875
4676,6.5625
4677,4.28125
4678,5.96875
4679,6.3125
4680,4.65625
4681,5.1875
4682,6.40625
4683,5.53125
4684,4.75
4685,4.375
4686,5.53125
4687,3.875
4688,5.0625
4689,6.0
4690,4.28125
4691,5.3125
4692,6.90625
4693,6.5
4694,4.96875
4695,5.375
4696,5.46875
4697,5.59375
4698,5.90625
4699,3.953125
4700,5.09375
4701,4.15625
4702,5.65625
4703,5.96875
4704,6.8125
4705,4.96875
4706,4.46875
4707,4.9375
4708,5.34375
4709,4.84375
4710,5.59375
4711,5.5625
4712,4.875
4713,5.375
4714,6.1875
4715,4.59375
4716,5.34375
4717,4.6875
4718,5.0
4719,5.4375
4720,4.8125
4721,5.0625
4722,5.03125
4723,4.40625
4724,4.9375
4725,6.09375
4726,5.53125
4727,5.5
4728,6.71875
4729,5.59375
4730,4.25
4731,5.3125
4732,4.09375
4733,4.5
4734,6.3125
4735,5.5625
4736,5.4375
4737,7.5625
4738,5.03125
4739,4.46875
4740,4.71875
4741,4.71875
4742,4.8125
4743,5.6875
4744,5.8125
4745,4.625
4746,5.15625
4747,6.25
4748,6.21875
4749,5.34375
4750,4.96875
4751,4.9375
4752,5.71875
4753,3.4375
4754,5.96875
4755,4.40625
4756,5.0625
4757,6.125
4758,5.25
4759,4.375
4760,6.5625
4761,4.03125
4762,5.5
4763,5.125
4764,5.90625
4765,6.9375
4766,6.1875
4767,4.9375
4768,5.1875
4769,4.34375
4770,5.46875
4771,6.53125
4772,6.34375
4773,3.921875
4774,6.0
4775,7.5
4776,8.1875
4777,3.625
4778,4.8125
4779,4.5625
4780,4.75
4781,4.9375
4782,7.46875
4783,6.59375
4784,6.28125
4785,3.453125
4786,5.03125
4787,4.34375
4788,5.125
4789,5.78125
4790,7.3125
4791,5.28125
4792,5.96875
4793,4.5625
4794,5.28125
4795,4.1875
4796,5.09375
4797,4.96875
4798,7.4375
4799,6.78125
4800,5.0625
4801,4.65625
4802,4.71875
4803,4.8125
4804,4.65625
4805,3.796875
4806,4.84375
4807,5.3125
4808,4.1875
4809,4.5
4810,4.90625
4811,4.375
4812,5.125
4813,5.78125
4814,6.125
4815,4.375
4816,4.34375
4817,7.84375
4818,6.0625
4819,5.53125
4820,5.90625
4821,4.375
4822,5.9375
4823,5.84375
4824,4.4375
4825,5.125
4826,5.375
4827,6.65625
4828,5.65625
4829,5.78125
4830,4.90625
4831,5.40625
4832,7.15625
4833,6.15625
4834,4.75
4835,4.4375
4836,4.59375
4837,4.71875
4838,5.78125
4839,6.28125
4840,5.03125
4841,5.1875
4842,5.59375
4843,5.40625
4844,5.75
4845,6.1875
4846,5.3125
4847,4.90625
4848,5.875
4849,5.4375
4850,5.03125
4851,4.4375
4852,5.28125
4853,5.5625
4854,5.4375
4855,5.34375
4856,4.71875
4857,4.71875
4858,4.125
4859,7.625
4860,6.09375
4861,4.65625
4862,5.90625
4863,4.4375
4864,5.40625
4865,4.75
4866,5.875
4867,5.125
4868,5.25
4869,5.9375
4870,6.3125
4871,7.0
4872,5.25
4873,5.09375
4874,6.5
4875,5.15625
4876,3.375
4877,3.953125
4878,5.3125
4879,4.5625
4880,4.78125
4881,5.4375
4882,5.3125
4883,3.953125
4884,5.375
4885,4.25
4886,6.21875
4887,4.40625
4888,6.0
4889,4.9375
4890,4.5
4891,5.5625
4892,5.9375
4893,5.09375
4894,3.953125
4895,5.8125
4896,5.3125
4897,6.0625
4898,4.71875
4899,5.1875
4900,5.125
4901,6.625
4902,6.0
4903,5.0625
4904,5.5625
4905,5.25
4906,5.4375
4907,5.875
4908,4.6875
4909,4.75
4910,4.84375
4911,4.84375
4912,5.1875
4913,4.90625
4914,4.65625
4915,4.5625
4916,6.125
4917,5.8125
4918,4.8125
4919,4.8125
4920,7.0
4921,5.59375
4922,5.75
4923,4.375
4924,5.46875
4925,6.21875
4926,4.8125
4927,4.3125
4928,5.0
4929,5.25
4930,6.21875
4931,4.09375
4932,7.0625
4933,5.6875
4934,4.78125
4935,5.3125
4936,4.5
4937,4.40625
4938,6.5625
4939,5.34375
4940,4.03125
4941,7.40625
4942,7.28125
4943,4.4375
4944,4.03125
4945,6.1875
4946,4.875
4947,4.5
4948,5.96875
4949,5.8125
4950,5.59375
4951,5.875
4952,6.46875
4953,6.40625
4954,5.59375
4955,4.125
4956,5.78125
4957,5.5625
4958,5.28125
4959,6.5
4960,4.875
4961,4.5625
4962,5.1875
4963,4.75
4964,4.78125
4965,4.0625
4966,3.890625
4967,5.875
4968,4.5
4969,6.40625
4970,4.21875
4971,4.9375
4972,5.03125
4973,4.0625
4974,4.46875
4975,6.46875
4976,4.65625
4977,5.65625
4978,6.46875
4979,6.59375
4980,5.375
4981,4.375
4982,4.5
4983,5.59375
4984,5.3125
4985,6.03125
4986,4.84375
4987,5.625
4988,6.46875
4989,6.0
4990,5.25
4991,4.34375
4992,7.875
4993,5.40625
4994,6.40625
4995,4.3125
4996,5.8125
4997,6.6875
4998,4.75
4999,5.90625
5000,4.40625
5001,4.125
5002,4.8125
5003,5.90625
5004,6.40625
5005,4.90625
5006,4.96875
5007,4.8125
5008,5.4375
5009,6.5
5010,4.96875
5011,4.28125
5012,4.1875
5013,4.84375
5014,6.1875
5015,5.4375
5016,4.8125
5017,5.625
5018,5.03125
5019,5.15625
5020,4.84375
5021,4.75
5022,3.859375
5023,4.5625
5024,4.6875
5025,5.59375
5026,4.84375
5027,5.125
5028,4.40625
5029,6.0
5030,8.1875
5031,6.375
5032,7.375
5033,4.625
5034,3.953125
5035,4.84375
5036,5.3125
5037,6.03125
5038,4.8125
5039,5.625
5040,5.1875
5041,5.8125
5042,6.28125
5043,3.84375
5044,5.71875
5045,4.0625
5046,4.46875
5047,7.53125
5048,5.21875
5049,4.8125
5050,5.03125
5051,4.34375
5052,3.96875
5053,5.3125
5054,6.53125
5055,3.8125
5056,6.625
5057,5.375
5058,5.6875
5059,4.625
5060,5.875
5061,5.84375
5062,4.84375
5063,6.25
5064,4.875
5065,4.25
5066,4.90625
5067,3.96875
5068,5.46875
5069,5.59375
5070,5.4375
5071,3.71875
5072,5.75
5073,4.5
5074,4.15625
5075,4.96875
5076,5.28125
5077,5.6875
5078,7.125
5079,5.53125
5080,4.28125
5081,5.75
5082,7.0625
5083,5.4375
5084,3.890625
5085,5.6875
5086,5.5625
5087,4.625
5088,5.25
5089,4.8125
5090,5.0625
5091,5.0
5092,4.8125
5093,5.75
5094,5.0
5095,3.859375
5096,6.03125
5097,4.65625
5098,5.625
5099,7.15625
5100,5.875
5101,5.125
5102,6.25
5103,4.03125
5104,5.03125
5105,4.0625
5106,6.0625
5107,5.84375
5108,4.125
5109,4.71875
5110,5.875
5111,5.34375
5112,6.53125
5113,4.03125
5114,6.3125
5115,6.59375
5116,5.5625
5117,5.25
5118,4.90625
5119,5.0625
5120,6.0
5121,3.96875
5122,4.53125
5123,6.8125
5124,7.1875
5125,4.0625
5126,4.84375
5127,4.90625
5128,7.21875
5129,7.125
5130,7.5
5131,5.28125
5132,5.09375
5133,4.78125
5134,5.4375
5135,5.15625
5136,4.1875
5137,5.71875
5138,4.65625
5139,5.25
5140,4.78125
5141,4.40625
5142,4.625
5143,3.984375
5144,5.15625
5145,7.53125
5146,6.46875
5147,5.0625
5148,6.96875
5149,6.03125
5150,6.5
5151,6.21875
5152,5.65625
5153,4.65625
5154,6.46875
5155,6.9375
5156,7.0625
5157,4.1875
5158,5.375
5159,6.0625
5160,6.5
5161,5.4375
5162,6.28125
5163,5.875
5164,5.21875
5165,5.0
5166,6.1875
5167,5.53125
5168,6.5625
5169,5.1875
5170,3.59375
5171,4.8125
5172,4.96875
5173,5.53125
5174,4.625
5175,5.53125
5176,4.65625
5177,4.8125
5178,5.0625
5179,5.46875
5180,5.625
5181,4.6875
5182,4.78125
5183,5.0
5184,3.453125
5185,5.03125
5186,6.0625
5187,6.6875
5188,5.59375
5189,4.3125
5190,6.84375
5191,5.5
5192,6.5
5193,6.59375
5194,4.84375
5195,7.40625
5196,5.4375
5197,7.625
5198,6.5625
5199,5.84375
5200,5.46875
5201,5.40625
5202,4.03125
5203,6.15625
5204,4.90625
5205,7.0625
5206,5.59375
5207,6.15625
5208,4.6875
5209,4.78125
5210,5.34375
5211,4.625
5212,4.28125
5213,4.53125
5214,5.34375
5215,6.0
5216,4.90625
5217,5.1875
5218,6.40625
5219,4.9375
5220,5.3125
5221,5.84375
5222,5.3125
5223,6.84375
5224,6.4375
5225,7.53125
5226,5.34375
5227,7.40625
5228,4.375
5229,4.125
5230,5.71875
5231,4.90625
5232,5.59375
5233,6.4375
5234,5.40625
5235,5.21875
5236,5.96875
5237,5.1875
5238,3.921875
5239,5.78125
5240,5.15625
5241,5.8125
5242,4.9375
5243,5.34375
5244,6.6875
5245,4.4375
5246,5.125
5247,4.96875
5248,4.5625
5249,4.03125
5250,7.90625
5251,6.53125
5252,4.375
5253,4.96875
5254,5.28125
5255,6.5
5256,4.96875
5257,5.25
5258,5.15625
5259,6.3125
5260,5.15625
5261,4.8125
5262,4.25
5263,5.03125
5264,3.703125
5265,4.375
5266,4.28125
5267,4.96875
5268,5.5
5269,5.375
5270,6.5625
5271,5.3125
5272,4.0625
5273,5.90625
5274,5.78125
5275,4.03125
5276,4.75
5277,5.9375
5278,5.15625
5279,5.5
5280,6.4375
5281,6.6875
5282,5.1875
5283,5.5625
5284,5.46875
5285,5.46875
5286,4.59375
5287,5.15625
5288,5.53125
5289,5.625
5290,5.15625
5291,5.3125
5292,5.5625
5293,5.34375
5294,4.71875
5295,5.96875
5296,7.1875
5297,6.09375
5298,6.53125
5299,6.1875
5300,4.96875
5301,4.6875
5302,3.96875
5303,5.125
5304,4.40625
5305,4.40625
5306,4.6875
5307,4.1875
5308,5.34375
5309,4.9375
5310,4.15625
5311,3.6875
5312,3.90625
5313,4.5625
5314,6.21875
5315,6.21875
5316,6.46875
5317,4.09375
5318,6.65625
5319,4.5625
5320,5.71875
5321,5.3125
5322,6.28125
5323,7.0
5324,5.71875
5325,5.125
5326,4.6875
5327,4.375
5328,5.71875
5329,5.53125
5330,6.375
5331,5.46875
5332,5.1875
5333,4.625
5334,5.96875
5335,6.71875
5336,4.96875
5337,5.15625
5338,4.71875
5339,6.625
5340,6.28125
5341,5.75
5342,5.90625
5343,5.125
5344,7.09375
5345,4.5
5346,5.59375
5347,4.59375
5348,4.375
5349,4.8125
5350,3.96875
5351,4.21875
5352,4.1875
5353,5.96875
5354,5.21875
5355,4.5625
5356,4.90625
5357,6.96875
5358,4.375
5359,6.4375
5360,5.0
5361,6.4375
5362,4.5625
5363,4.875
5364,5.4375
5365,5.15625
5366,4.53125
5367,4.90625
5368,4.1875
5369,5.875
5370,4.65625
5371,5.15625
5372,4.6875
5373,5.5
5374,4.625
5375,5.84375
5376,5.5625
5377,4.59375
5378,5.40625
5379,3.71875
5380,4.625
5381,4.5625
5382,5.375
5383,4.75
5384,4.84375
5385,5.5625
5386,5.625
5387,5.65625
5388,4.46875
5389,4.90625
5390,4.84375
5391,6.9375
5392,3.671875
5393,4.8125
5394,4.84375
5395,4.84375
5396,6.1875
5397,4.4375
5398,5.4375
5399,4.46875
5400,4.78125
5401,5.625
5402,4.78125
5403,6.1875
5404,5.0625
5405,5.8125
5406,5.625
5407,4.1875
5408,5.65625
5409,4.75
5410,4.96875
5411,5.53125
5412,6.9375
5413,4.65625
5414,4.75
5415,5.125
5416,3.875
5417,6.1875
5418,4.9375
5419,5.75
5420,4.4375
5421,6.0625
5422,5.28125
5423,5.0625
5424,5.28125
5425,5.21875
5426,5.625
5427,3.625
5428,5.5
5429,4.5625
5430,6.625
5431,5.8125
5432,4.71875
5433,5.46875
5434,6.4375
5435,6.4375
5436,4.21875
5437,4.375
5438,3.5625
5439,5.40625
5440,5.09375
5441,5.40625
5442,6.4375
5443,5.03125
5444,5.6875
5445,6.09375
5446,4.75
5447,5.9375
5448,5.0625
5449,5.46875
5450,4.5625
5451,6.4375
5452,5.59375
5453,4.96875
5454,6.46875
5455,5.78125
5456,6.0
5457,4.15625
5458,8.0625
5459,4.53125
5460,4.65625
5461,6.5625
5462,5.09375
5463,5.375
5464,4.375
5465,5.46875
5466,6.96875
5467,3.90625
5468,4.84375
5469,5.25
5470,5.5625
5471,4.8125
5472,4.28125
5473,4.75
5474,6.1875
5475,5.5
5476,5.1875
5477,6.21875
5478,6.125
5479,5.96875
5480,5.40625
5481,4.40625
5482,5.0625
5483,5.3125
5484,5.21875
5485,6.15625
5486,7.84375
5487,5.1875
5488,4.84375
5489,6.09375
5490,4.875
5491,4.34375
5492,5.375
5493,4.90625
5494,6.5
5495,5.3125
5496,5.53125
5497,6.28125
5498,5.96875
5499,6.9375
5500,6.03125
5501,4.125
5502,6.0625
5503,4.84375
5504,5.1875
5505,5.40625
5506,6.15625
5507,7.21875
5508,6.75
5509,5.28125
5510,5.25
5511,4.78125
5512,5.0625
5513,5.71875
5514,6.1875
5515,5.125
5516,7.0625
5517,5.78125
5518,4.125
5519,3.9375
5520,6.5
5521,4.65625
5522,5.71875
5523,5.59375
5524,5.46875
5525,4.84375
5526,6.0
5527,5.875
5528,5.96875
5529,4.3125
5530,5.375
5531,4.46875
5532,6.21875
5533,5.125
5534,5.96875
5535,7.15625
5536,5.375
5537,4.78125
5538,6.875
5539,4.28125
5540,6.03125
5541,5.5
5542,5.625
5543,4.09375
5544,4.1875
5545,4.5
5546,5.5625
5547,4.3125
5548,4.75
5549,4.875
5550,5.21875
5551,4.53125
5552,4.90625
5553,5.96875
5554,6.03125
5555,7.5625
5556,3.546875
5557,5.59375
5558,4.90625
5559,6.21875
5560,5.0625
5561,5.25
5562,4.9375
5563,4.625
5564,5.375
5565,4.0
5566,6.96875
5567,6.03125
5568,5.8125
5569,4.375
5570,4.90625
5571,5.5
5572,4.59375
5573,6.25
5574,5.5625
5575,4.875
5576,4.25
5577,5.71875
5578,5.25
5579,5.28125
5580,4.3125
5581,5.75
5582,5.03125
5583,4.96875
5584,5.3125
5585,6.5
5586,3.53125
5587,6.65625
5588,4.6875
5589,5.78125
5590,4.71875
5591,4.65625
5592,6.28125
5593,4.28125
5594,6.40625
5595,6.78125
5596,4.625
5597,4.15625
5598,5.4375
5599,4.25
5600,5.96875
5601,6.21875
5602,5.40625
5603,5.9375
5604,7.21875
5605,6.375
5606,4.75
5607,4.78125
5608,6.4375
5609,4.15625
5610,6.125
5611,4.84375
5612,7.375
5613,5.34375
5614,5.875
5615,6.3125
5616,5.875
5617,5.59375
5618,3.609375
5619,5.96875
5620,5.25
5621,4.5625
5622,5.0625
5623,4.65625
5624,6.59375
5625,5.03125
5626,3.375
5627,5.625
5628,6.03125
5629,3.984375
5630,3.96875
5631,3.96875
5632,5.53125
5633,5.1875
5634,4.5
5635,5.0625
5636,5.78125
5637,3.78125
5638,6.125
5639,7.8125
5640,6.21875
5641,4.25
5642,5.875
5643,3.65625
5644,5.25
5645,5.21875
5646,6.59375
5647,4.5625
5648,4.375
5649,5.0625
5650,4.53125
5651,5.3125
5652,5.1875
5653,5.59375
5654,4.5625
5655,5.28125
5656,5.0625
5657,6.0
5658,6.5
5659,4.875
5660,4.5625
5661,5.8125
5662,5.375
5663,7.0
5664,4.71875
5665,5.71875
5666,6.0
5667,5.125
5668,5.65625
5669,3.890625
5670,5.59375
5671,5.34375
5672,6.3125
5673,4.9375
5674,4.5
5675,4.78125
5676,7.3125
5677,7.125
5678,5.71875
5679,4.90625
5680,6.21875
5681,5.125
5682,6.5625
5683,5.03125
5684,6.34375
5685,4.90625
5686,5.0
5687,6.15625
5688,5.3125
5689,4.8125
5690,4.59375
5691,5.21875
5692,7.4375
5693,4.25
5694,5.15625
5695,5.375
5696,6.9375
5697,4.65625
5698,7.78125
5699,5.96875
5700,4.5
5701,4.53125
5702,4.625
5703,6.3125
5704,6.96875
5705,4.84375
5706,4.875
5707,7.0
5708,5.875
5709,5.46875
5710,4.65625
5711,7.40625
5712,6.34375
5713,5.6875
5714,4.0625
5715,5.25
5716,4.96875
5717,5.03125
5718,5.90625
5719,5.15625
5720,4.5
5721,5.6875
5722,4.03125
5723,6.0625
5724,5.59375
5725,4.125
5726,4.03125
5727,4.40625
5728,5.90625
5729,4.4375
5730,4.84375
5731,6.625
5732,4.78125
5733,6.03125
5734,6.03125
5735,5.90625
5736,4.90625
5737,5.90625
5738,6.28125
5739,6.09375
5740,6.4375
5741,6.15625
5742,6.09375
5743,5.8125
5744,7.0625
5745,4.0625
5746,5.78125
5747,4.96875
5748,5.65625
5749,5.125
5750,5.25
5751,5.3125
5752,5.46875
5753,6.3125
5754,4.9375
5755,5.25
5756,3.953125
5757,5.15625
5758,5.75
5759,4.59375
5760,4.9375
5761,3.71875
5762,3.796875
5763,5.15625
5764,5.78125
5765,5.625
5766,4.9375
5767,6.3125
5768,5.78125
5769,4.96875
5770,4.75
5771,5.125
5772,4.96875
5773,4.96875
5774,5.21875
5775,6.4375
5776,4.75
5777,5.5
5778,6.3125
5779,4.90625
5780,4.6875
5781,5.28125
5782,5.15625
5783,3.4375
5784,3.75
5785,6.1875
5786,3.671875
5787,5.71875
5788,4.96875
5789,4.71875
5790,5.3125
5791,5.71875
5792,5.09375
5793,5.25
5794,5.25
5795,4.8125
5796,4.53125
5797,5.375
5798,4.09375
5799,5.75
5800,4.1875
5801,4.46875
5802,6.03125
5803,6.0625
5804,7.375
5805,6.84375
5806,6.75
5807,6.125
5808,4.21875
5809,4.5
5810,4.21875
5811,4.46875
5812,5.71875
5813,5.5
5814,5.46875
5815,6.03125
5816,7.03125
5817,6.4375
5818,6.65625
5819,5.0625
5820,4.59375
5821,5.84375
5822,3.859375
5823,5.90625
5824,5.0
5825,8.25
5826,5.1875
5827,4.84375
5828,5.65625
5829,5.625
5830,5.625
5831,7.15625
5832,4.75
5833,7.5
5834,4.96875
5835,4.90625
5836,5.21875
5837,7.96875
5838,6.8125
5839,4.3125
5840,3.859375
5841,8.1875
5842,5.15625
5843,4.1875
5844,4.15625
5845,6.4375
5846,5.6875
5847,6.09375
5848,4.53125
5849,4.875
5850,6.0
5851,5.5
5852,5.0625
5853,4.40625
5854,6.0
5855,5.46875
5856,6.0
5857,6.1875
5858,8.0625
5859,4.9375
5860,4.625
5861,5.65625
5862,5.53125
5863,5.6875
5864,5.0625
5865,4.5
5866,4.65625
5867,4.53125
5868,4.1875
5869,6.0
5870,4.59375
5871,4.65625
5872,6.21875
5873,5.78125
5874,5.25
5875,4.71875
5876,3.34375
5877,5.875
5878,5.25
5879,7.71875
5880,6.25
5881,5.03125
5882,5.21875
5883,5.40625
5884,7.34375
5885,6.0625
5886,5.53125
5887,4.625
5888,4.625
5889,4.34375
5890,6.4375
5891,5.34375
5892,6.40625
5893,6.34375
5894,5.78125
5895,5.125
5896,4.1875
5897,4.53125
5898,5.46875
5899,5.5625
5900,5.375
5901,6.125
5902,4.40625
5903,5.875
5904,3.921875
5905,4.09375
5906,5.125
5907,5.125
5908,5.71875
5909,4.5625
5910,5.375
5911,6.0
5912,7.46875
5913,5.25
5914,4.46875
5915,6.71875
5916,4.375
5917,5.84375
5918,6.15625
5919,6.65625
5920,4.4375
5921,5.625
5922,5.53125
5923,4.5
5924,5.96875
5925,6.0
5926,5.34375
5927,5.40625
5928,4.25
5929,4.9375
5930,6.46875
5931,5.9375
5932,5.59375
5933,4.59375
5934,6.3125
5935,5.8125
5936,4.90625
5937,6.25
5938,5.15625
5939,5.59375
5940,3.609375
5941,5.375
5942,5.0625
5943,5.25
5944,5.53125
5945,3.9375
5946,4.25
5947,4.34375
5948,4.375
5949,4.59375
5950,5.0
5951,5.65625
5952,5.5625
5953,4.875
5954,6.8125
5955,6.125
5956,4.4375
5957,7.375
5958,6.0
5959,5.90625
5960,5.1875
5961,5.59375
5962,5.21875
5963,6.25
5964,5.71875
5965,7.90625
5966,5.5625
5967,4.9375
5968,5.375
5969,5.34375
5970,5.28125
5971,5.09375
5972,5.5
5973,5.90625
5974,6.625
5975,4.9375
5976,5.5625
5977,5.78125
5978,5.21875
5979,3.75
5980,4.25
5981,4.03125
5982,4.25
5983,4.96875
5984,5.625
5985,4.71875
5986,4.5625
5987,6.71875
5988,6.4375
5989,4.625
5990,5.0625
5991,5.40625
5992,6.34375
5993,4.21875
5994,5.375
5995,4.96875
5996,4.53125
5997,5.0
5998,4.71875
5999,4.4375
6000,4.125
6001,4.84375
6002,5.03125
6003,5.71875
6004,4.5625
6005,5.4375
6006,5.375
6007,5.34375
6008,5.0625
6009,4.875
6010,5.6875
6011,4.78125
6012,4.28125
6013,5.71875
6014,5.0
6015,5.25
6016,5.90625
6017,5.59375
6018,4.78125
6019,5.25
6020,4.34375
6021,4.71875
6022,5.53125
6023,6.1875
6024,4.78125
6025,4.53125
6026,5.15625
6027,5.1875
6028,5.3125
6029,4.96875
6030,5.09375
6031,5.5625
6032,6.46875
6033,3.359375
6034,7.1875
6035,5.71875
6036,5.6875
6037,6.625
6038,5.5625
6039,4.78125
6040,4.53125
6041,4.59375
6042,3.90625
6043,5.28125
6044,4.90625
6045,5.53125
6046,6.46875
6047,4.78125
6048,5.53125
6049,5.84375
6050,5.3125
6051,5.78125
6052,5.46875
6053,5.3125
6054,6.09375
6055,4.8125
6056,4.125
6057,5.96875
6058,5.375
6059,6.0625
6060,4.34375
6061,6.1875
6062,4.90625
6063,5.0625
6064,4.90625
6065,6.3125
6066,5.8125
6067,5.28125
6068,6.0
6069,5.40625
6070,6.6875
6071,5.03125
6072,6.5
6073,4.28125
6074,6.28125
6075,4.90625
6076,4.90625
6077,5.375
6078,4.84375
6079,4.4375
6080,4.46875
6081,4.75
6082,5.28125
6083,4.3125
6084,5.3125
6085,6.34375
6086,6.625
6087,6.15625
6088,5.25
6089,4.96875
6090,5.40625
6091,5.84375
6092,4.40625
6093,5.0625
6094,5.78125
6095,4.0625
6096,5.59375
6097,6.40625
6098,5.9375
6099,5.125
6100,5.78125
6101,6.78125
6102,4.4375
6103,5.65625
6104,5.28125
6105,5.84375
6106,5.625
6107,5.84375
6108,3.9375
6109,6.375
6110,6.78125
6111,6.53125
6112,4.65625
6113,4.84375
6114,5.375
6115,6.03125
6116,5.46875
6117,5.875
6118,5.4375
6119,6.5625
6120,7.6875
6121,5.75
6122,4.0
6123,4.34375
6124,4.40625
6125,4.375
6126,6.15625
6127,3.71875
6128,5.5625
6129,5.46875
6130,4.59375
6131,4.28125
6132,5.53125
6133,6.25
6134,5.75
6135,4.5625
6136,6.34375
6137,3.828125
6138,5.21875
6139,4.90625
6140,5.34375
6141,4.625
6142,4.25
6143,5.5
6144,6.1875
6145,5.28125
6146,4.4375
6147,4.9375
6148,5.0625
6149,4.4375
6150,5.46875
6151,3.546875
6152,5.34375
6153,5.34375
6154,4.84375
6155,4.78125
6156,5.71875
6157,4.40625
6158,4.1875
6159,5.4375
6160,4.0625
6161,6.71875
6162,6.375
6163,5.09375
6164,5.21875
6165,5.6875
6166,5.59375
6167,6.71875
6168,4.0625
6169,4.25
6170,5.625
6171,4.84375
6172,4.09375
6173,4.65625
6174,4.84375
6175,5.0
6176,5.0625
6177,5.0625
6178,5.8125
6179,7.53125
6180,4.28125
6181,4.5
6182,5.65625
6183,4.5625
6184,5.53125
6185,5.40625
6186,5.375
6187,4.0625
6188,5.28125
6189,5.1875
6190,4.78125
6191,5.78125
6192,5.3125
6193,5.8125
6194,5.15625
6195,6.40625
6196,6.09375
6197,5.1875
6198,4.78125
6199,4.6875
6200,7.0625
6201,4.96875
6202,4.78125
6203,5.875
6204,4.5
6205,4.4375
6206,4.875
6207,5.34375
6208,6.15625
6209,4.25
6210,4.46875
6211,5.46875
6212,6.1875
6213,4.90625
6214,5.75
6215,3.203125
6216,4.15625
6217,4.25
6218,4.90625
6219,5.1875
6220,4.8125
6221,5.1875
6222,5.59375
6223,5.0
6224,4.9375
6225,4.90625
6226,4.375
6227,4.8125
6228,3.671875
6229,4.46875
6230,4.46875
6231,6.75
6232,4.59375
6233,5.46875
6234,5.0625
6235,6.3125
6236,5.15625
6237,3.96875
6238,5.15625
6239,6.0
6240,4.71875
6241,5.3125
6242,5.5
6243,5.90625
6244,5.6875
6245,5.5625
6246,4.875
6247,5.84375
6248,5.8125
6249,4.875
6250,4.46875
6251,4.8125
6252,5.15625
6253,3.640625
6254,4.71875
6255,5.0625
6256,4.8125
6257,4.34375
6258,5.34375
6259,3.5
6260,4.8125
6261,4.84375
6262,4.53125
6263,5.4375
6264,5.09375
6265,4.59375
6266,5.46875
6267,6.75
6268,6.375
6269,6.1875
6270,6.09375
6271,3.96875
6272,4.3125
6273,5.875
6274,5.46875
6275,4.71875
6276,4.9375
6277,5.8125
6278,3.859375
6279,6.1875
6280,5.6875
6281,5.34375
6282,5.09375
6283,4.8125
6284,5.875
6285,5.5
6286,5.5
6287,6.09375
6288,5.25
6289,4.71875
6290,4.3125
6291,5.125
6292,5.875
6293,5.125
6294,6.8125
6295,5.53125
6296,5.0625
6297,4.71875
6298,4.46875
6299,6.5625
6300,5.8125
6301,5.5625
6302,4.75
6303,4.6875
6304,4.78125
6305,6.5625
6306,7.40625
6307,5.25
6308,4.375
6309,4.59375
6310,5.03125
6311,5.90625
6312,6.46875
6313,5.5
6314,6.0
6315,4.90625
6316,4.875
6317,4.96875
6318,6.15625
6319,6.46875
6320,5.875
6321,4.375
6322,6.21875
6323,5.0
6324,6.875
6325,6.5
6326,5.65625
6327,4.25
6328,5.0625
6329,6.0
6330,5.375
6331,6.4375
6332,6.46875
6333,4.5625
6334,5.1875
6335,7.34375
6336,5.375
6337,5.1875
6338,5.96875
6339,5.5625
6340,3.6875
6341,4.9375
6342,5.59375
6343,4.5
6344,4.4375
6345,4.375
6346,6.1875
6347,5.5
6348,5.1875
6349,5.78125
6350,4.625
6351,5.59375
6352,5.15625
6353,5.34375
6354,5.0625
6355,5.0
6356,5.21875
6357,4.78125
6358,5.8125
6359,5.5
6360,6.9375
6361,3.96875
6362,4.59375
6363,5.15625
6364,5.5
6365,4.0
6366,5.65625
6367,5.6875
6368,5.21875
6369,5.21875
6370,5.3125
6371,4.90625
6372,5.75
6373,5.65625
6374,5.09375
6375,6.03125
6376,5.25
6377,4.375
6378,4.84375
6379,4.40625
6380,4.875
6381,4.8125
6382,6.1875
6383,4.75
6384,4.8125
6385,5.125
6386,5.6875
6387,5.375
6388,7.0625
6389,5.21875
6390,5.6875
6391,4.9375
6392,5.96875
6393,4.15625
6394,4.34375
6395,5.53125
6396,4.65625
6397,5.0
6398,4.53125
6399,4.5
6400,5.59375
6401,5.46875
6402,4.8125
6403,7.0625
6404,3.96875
6405,4.46875
6406,5.5625
6407,4.6875
6408,4.875
6409,6.21875
6410,6.96875
6411,6.84375
6412,4.3125
6413,5.21875
6414,6.03125
6415,7.03125
6416,6.09375
6417,6.1875
6418,4.875
6419,5.34375
6420,4.34375
6421,4.96875
6422,4.8125
6423,6.125
6424,4.375
6425,5.65625
6426,6.75
6427,4.09375
6428,5.34375
6429,4.96875
6430,5.9375
6431,4.71875
6432,4.9375
6433,5.1875
6434,5.8125
6435,4.34375
6436,7.25
6437,5.78125
6438,6.03125
6439,5.59375
6440,5.0
6441,6.625
6442,4.96875
6443,4.0625
6444,4.5625
6445,5.1875
6446,6.59375
6447,4.21875
6448,5.1875
6449,4.46875
6450,5.03125
6451,7.9375
6452,5.09375
6453,5.28125
6454,4.6875
6455,6.34375
6456,5.875
6457,5.0625
6458,5.75
6459,4.4375
6460,4.5625
6461,5.0
6462,5.21875
6463,4.9375
6464,5.9375
6465,4.5625
6466,5.6875
6467,5.5625
6468,5.78125
6469,5.34375
6470,5.71875
6471,5.125
6472,3.8125
6473,5.4375
6474,7.28125
6475,4.875
6476,5.21875
6477,3.578125
6478,4.125
6479,5.125
6480,5.0
6481,5.1875
6482,4.8125
6483,5.53125
6484,5.4375
6485,5.71875
6486,5.25
6487,4.84375
6488,5.75
6489,4.46875
6490,4.84375
6491,5.78125
6492,5.25
6493,5.96875
6494,5.625
6495,4.21875
6496,5.53125
6497,4.25
6498,5.0625
6499,6.3125
6500,6.0
6501,4.96875
6502,4.78125
6503,5.84375
6504,5.46875
6505,4.5625
6506,4.6875
6507,4.875
6508,4.53125
6509,4.34375
6510,5.125
6511,3.859375
6512,5.1875
6513,3.828125
6514,4.875
6515,5.375
6516,3.546875
6517,6.625
6518,5.5625
6519,5.71875
6520,3.5625
6521,5.875
6522,6.3125
6523,6.28125
6524,6.6875
6525,5.25
6526,5.5
6527,5.375
6528,4.09375
6529,4.28125
6530,5.28125
6531,5.0
6532,5.125
6533,4.71875
6534,5.84375
6535,4.5
6536,6.375
6537,6.6875
6538,4.71875
6539,5.75
6540,4.0625
6541,4.28125
6542,4.71875
6543,4.53125
6544,5.21875
6545,4.53125
6546,6.96875
6547,5.125
6548,4.125
6549,5.0
6550,5.0
6551,6.125
6552,6.84375
6553,6.3125
6554,4.8125
6555,4.96875
6556,6.09375
6557,5.03125
6558,5.03125
6559,4.9375
6560,6.34375
6561,4.5625
6562,5.78125
6563,4.90625
6564,4.78125
6565,6.84375
6566,4.90625
6567,4.71875
6568,4.71875
6569,7.1875
6570,6.9375
6571,4.03125
6572,6.28125
6573,5.96875
6574,4.71875
6575,5.09375
6576,4.9375
6577,3.921875
6578,4.71875
6579,3.984375
6580,5.28125
6581,4.5
6582,4.1875
6583,4.4375
6584,4.53125
6585,4.5625
6586,5.71875
6587,5.3125
6588,4.6875
6589,3.75
6590,3.625
6591,6.28125
6592,4.71875
6593,5.0625
6594,5.71875
6595,6.625
6596,5.25
6597,4.125
6598,5.125
6599,5.28125
6600,5.21875
6601,6.15625
6602,5.65625
6603,4.6875
6604,3.109375
6605,5.0
6606,5.125
6607,5.4375
6608,5.40625
6609,4.875
6610,5.84375
6611,5.0
6612,4.21875
6613,4.6875
6614,6.4375
6615,5.96875
6616,6.4375
6617,5.46875
6618,4.875
6619,4.9375
6620,5.65625
6621,4.0
6622,4.6875
6623,4.09375
6624,5.96875
6625,6.84375
6626,6.875
6627,5.6875
6628,5.0625
6629,4.40625
6630,5.03125
6631,6.28125
6632,4.34375
6633,5.375
6634,5.65625
6635,4.03125
6636,3.59375
6637,4.5625
6638,4.875
6639,5.46875
6640,5.09375
6641,7.59375
6642,6.40625
6643,5.78125
6644,5.4375
6645,4.4375
6646,4.84375
6647,5.21875
6648,4.46875
6649,4.75
6650,5.03125
6651,6.4375
6652,4.9375
6653,5.125
6654,4.28125
6655,6.21875
6656,4.4375
6657,6.125
6658,5.09375
6659,6.71875
6660,5.875
6661,4.4375
6662,4.8125
6663,5.03125
6664,5.90625
6665,5.65625
6666,5.71875
6667,5.9375
6668,6.84375
6669,5.59375
6670,6.65625
6671,4.34375
6672,5.28125
6673,6.25
6674,6.21875
6675,5.21875
6676,5.71875
6677,5.15625
6678,6.84375
6679,5.75
6680,4.75
6681,5.125
6682,5.40625
6683,3.890625
6684,5.96875
6685,4.5
6686,5.28125
6687,5.75
6688,6.625
6689,4.15625
6690,5.65625
6691,4.84375
6692,5.34375
6693,4.90625
6694,6.15625
6695,4.875
6696,4.625
6697,4.71875
6698,5.3125
6699,3.984375
6700,4.90625
6701,5.3125
6702,5.9375
6703,4.5
6704,5.4375
6705,5.65625
6706,5.1875
6707,5.34375
6708,7.625
6709,6.75
6710,6.0
6711,5.78125
6712,4.8125
6713,4.96875
6714,5.03125
6715,4.8125
6716,4.71875
6717,5.09375
6718,4.15625
6719,4.875
6720,4.5
6721,5.96875
6722,7.34375
6723,6.75
6724,5.375
6725,8.0
6726,5.84375
6727,5.8125
6728,5.53125
6729,5.71875
6730,5.65625
6731,5.96875
6732,5.71875
6733,5.6875
6734,4.125
6735,6.375
6736,6.3125
6737,5.0625
6738,4.78125
6739,5.65625
6740,6.15625
6741,5.65625
6742,5.1875
6743,4.75
6744,5.53125
6745,6.5
6746,4.5625
6747,5.40625
6748,5.65625
6749,5.28125
6750,4.34375
6751,3.90625
6752,5.5625
6753,4.625
6754,4.96875
6755,4.9375
6756,4.90625
6757,6.90625
6758,5.40625
6759,5.21875
6760,4.53125
6761,5.9375
6762,4.9375
6763,4.46875
6764,6.34375
6765,3.609375
6766,4.15625
6767,4.5625
6768,3.484375
6769,4.8125
6770,5.53125
6771,3.03125
6772,5.8125
6773,4.78125
6774,5.625
6775,4.15625
6776,5.34375
6777,4.46875
6778,3.796875
6779,6.03125
6780,5.4375
6781,5.53125
6782,6.875
6783,6.8125
6784,4.125
6785,5.1875
6786,4.3125
6787,6.9375
6788,4.125
6789,4.40625
6790,5.9375
6791,5.84375
6792,5.4375
6793,4.625
6794,6.53125
6795,6.40625
6796,4.46875
6797,4.71875
6798,5.0625
6799,5.6875
6800,5.375
6801,5.03125
6802,6.125
6803,6.75
6804,6.0625
6805,5.5625
6806,3.859375
6807,5.71875
6808,5.625
6809,4.625
