step,nll_loss
0,6.34375
1,4.5
2,4.9375
3,6.0
4,5.40625
5,6.03125
6,7.0625
7,6.6875
8,6.0
9,4.53125
10,4.125
11,4.875
12,6.3125
13,5.75
14,6.25
15,6.03125
16,7.4375
17,6.0625
18,6.4375
19,7.6875
20,6.5625
21,5.40625
22,6.9375
23,3.03125
24,4.53125
25,5.09375
26,5.09375
27,3.640625
28,5.6875
29,6.21875
30,4.0
31,5.5625
32,6.4375
33,4.375
34,6.78125
35,5.0
36,6.21875
37,5.34375
38,6.84375
39,4.71875
40,6.15625
41,5.03125
42,4.5
43,8.0625
44,5.71875
45,5.9375
46,5.625
47,3.703125
48,6.625
49,4.90625
50,3.6875
51,6.125
52,4.65625
53,4.28125
54,5.375
55,7.71875
56,6.46875
57,5.3125
58,6.46875
59,5.96875
60,6.84375
61,4.46875
62,6.21875
63,5.9375
64,5.46875
65,4.34375
66,5.0
67,5.0625
68,5.59375
69,6.09375
70,6.65625
71,4.8125
72,5.09375
73,5.25
74,4.125
75,5.8125
76,5.28125
77,7.3125
78,3.21875
79,5.25
80,5.8125
81,4.9375
82,4.9375
83,6.25
84,5.4375
85,5.9375
86,6.75
87,6.0
88,6.5
89,7.03125
90,4.5
91,4.53125
92,4.53125
93,5.125
94,7.03125
95,5.875
96,6.4375
97,6.0
98,6.21875
99,7.1875
100,4.71875
101,4.90625
102,6.3125
103,6.53125
104,6.09375
105,5.78125
106,5.875
107,6.46875
108,4.5
109,7.5
110,5.0625
111,6.25
112,6.1875
113,5.78125
114,7.84375
115,6.125
116,5.34375
117,6.0625
118,6.8125
119,5.65625
120,3.859375
121,5.875
122,5.75
123,6.15625
124,3.65625
125,6.9375
126,6.75
127,5.3125
128,4.78125
129,6.625
130,4.90625
131,6.03125
132,5.84375
133,6.125
134,5.75
135,3.5625
136,5.28125
137,5.875
138,7.3125
139,6.40625
140,6.65625
141,4.625
142,5.0
143,5.75
144,5.71875
145,5.4375
146,6.0625
147,4.53125
148,4.4375
149,5.53125
150,6.40625
151,6.6875
152,6.1875
153,5.84375
154,6.4375
155,7.6875
156,6.0625
157,5.21875
158,6.53125
159,4.90625
160,3.84375
161,4.875
162,7.3125
163,5.90625
164,4.84375
165,5.8125
166,4.28125
167,5.0625
168,5.625
169,5.09375
170,5.6875
171,5.0625
172,5.03125
173,6.0
174,4.75
175,4.625
176,3.875
177,5.78125
178,6.0
179,5.375
180,5.4375
181,4.65625
182,6.375
183,6.96875
184,5.9375
185,4.0625
186,6.28125
187,5.125
188,4.09375
189,4.9375
190,6.40625
191,5.125
192,6.78125
193,4.78125
194,3.375
195,4.65625
196,6.59375
197,5.9375
198,6.25
199,4.53125
200,7.78125
201,5.03125
202,5.71875
203,6.75
204,4.90625
205,5.78125
206,5.78125
207,4.0
208,4.34375
209,6.09375
210,5.8125
211,6.53125
212,4.21875
213,6.46875
214,5.40625
215,5.875
216,4.625
217,7.375
218,6.375
219,5.34375
220,6.75
221,6.28125
222,6.59375
223,3.671875
224,5.6875
225,3.765625
226,3.703125
227,6.0
228,6.15625
229,4.46875
230,6.75
231,2.96875
232,7.46875
233,6.3125
234,4.15625
235,6.40625
236,4.375
237,5.8125
238,6.15625
239,4.84375
240,6.5625
241,5.09375
242,4.15625
243,4.90625
244,3.859375
245,4.03125
246,6.0625
247,6.875
248,4.65625
249,4.0625
250,3.828125
251,5.0625
252,5.40625
253,4.875
254,5.15625
255,3.75
256,6.59375
257,5.125
258,5.09375
259,5.84375
260,7.09375
261,5.0
262,6.375
263,3.75
264,6.09375
265,5.53125
266,3.4375
267,6.03125
268,4.9375
269,3.984375
270,5.625
271,4.0
272,6.65625
273,6.40625
274,5.625
275,6.09375
276,5.4375
277,6.65625
278,5.90625
279,6.71875
280,3.46875
281,4.4375
282,6.46875
283,6.21875
284,4.3125
285,5.5625
286,5.6875
287,5.75
288,3.734375
289,5.46875
290,5.875
291,5.09375
292,6.84375
293,5.53125
294,6.3125
295,4.53125
296,5.0
297,2.875
298,4.59375
299,4.65625
300,5.0625
301,4.90625
302,5.4375
303,7.0
304,4.1875
305,4.3125
306,7.40625
307,5.125
308,5.21875
309,5.9375
310,7.0625
311,4.125
312,5.59375
313,5.09375
314,4.6875
315,6.96875
316,4.875
317,6.0
318,6.1875
319,4.96875
320,6.21875
321,5.4375
322,5.84375
323,5.75
324,4.125
325,5.53125
326,4.75
327,5.53125
328,6.03125
329,6.53125
330,3.859375
331,4.8125
332,6.15625
333,6.53125
334,3.796875
335,6.34375
336,5.53125
337,5.25
338,5.53125
339,6.6875
340,4.46875
341,4.71875
342,6.28125
343,6.40625
344,4.40625
345,5.375
346,6.09375
347,6.03125
348,6.15625
349,3.890625
350,6.1875
351,3.578125
352,6.40625
353,4.875
354,7.1875
355,5.8125
356,5.15625
357,5.09375
358,6.1875
359,5.25
360,5.9375
361,6.75
362,6.6875
363,6.25
364,5.53125
365,5.9375
366,5.125
367,5.84375
368,4.15625
369,6.875
370,3.78125
371,4.78125
372,4.5
373,6.0
374,5.40625
375,6.25
376,6.46875
377,6.09375
378,6.90625
379,6.84375
380,4.71875
381,5.25
382,6.84375
383,5.625
384,6.8125
385,6.25
386,4.125
387,6.0
388,5.125
389,5.0625
390,4.90625
391,4.6875
392,6.21875
393,7.0625
394,5.96875
395,6.0
396,5.65625
397,5.78125
398,6.625
399,4.96875
400,6.3125
401,4.21875
402,4.4375
403,5.90625
404,5.59375
405,7.0
406,5.3125
407,7.0625
408,5.6875
409,5.65625
410,3.328125
411,4.4375
412,6.71875
413,5.9375
414,3.4375
415,4.34375
416,4.625
417,5.5
418,3.171875
419,4.71875
420,5.53125
421,4.625
422,5.96875
423,4.4375
424,5.375
425,6.71875
426,5.75
427,6.34375
428,4.375
429,7.15625
430,6.28125
431,5.03125
432,5.0625
433,3.828125
434,6.25
435,5.84375
436,5.09375
437,3.453125
438,6.71875
439,6.15625
440,6.5625
441,4.59375
442,3.921875
443,5.1875
444,5.4375
445,5.9375
446,6.71875
447,4.21875
448,7.0
449,6.875
450,4.78125
451,5.3125
452,5.78125
453,6.03125
454,6.59375
455,5.96875
456,5.8125
457,4.96875
458,5.65625
459,4.84375
460,3.59375
461,4.09375
462,7.15625
463,5.65625
464,4.53125
465,5.75
466,3.796875
467,5.90625
468,4.5625
469,4.3125
470,7.21875
471,5.34375
472,5.78125
473,6.78125
474,5.5625
475,4.625
476,5.0625
477,5.5
478,3.9375
479,5.96875
480,4.5
481,6.46875
482,4.5
483,5.46875
484,3.859375
485,5.75
486,4.625
487,6.125
488,4.5
489,6.65625
490,6.1875
491,6.375
492,6.375
493,6.34375
494,4.125
495,4.40625
496,6.65625
497,6.53125
498,5.21875
499,4.90625
500,6.09375
501,6.3125
502,5.65625
503,4.71875
504,6.59375
505,6.90625
506,4.53125
507,7.0625
508,6.40625
509,5.5625
510,4.375
511,4.96875
512,5.25
513,5.875
514,6.75
515,4.8125
516,5.6875
517,4.78125
518,3.921875
519,6.5
520,5.40625
521,5.15625
522,4.1875
523,4.28125
524,5.8125
525,5.75
526,5.34375
527,4.5
528,6.40625
529,5.34375
530,6.5
531,6.09375
532,5.21875
533,8.375
534,5.0
535,6.125
536,5.5
537,6.0625
538,4.8125
539,4.9375
540,6.03125
541,6.71875
542,4.59375
543,5.46875
544,4.4375
545,4.40625
546,3.484375
547,6.15625
548,4.1875
549,5.6875
550,7.1875
551,5.9375
552,3.859375
553,6.4375
554,6.59375
555,5.0625
556,4.28125
557,6.0625
558,7.5625
559,5.25
560,5.59375
561,6.75
562,6.34375
563,6.59375
564,6.65625
565,6.9375
566,4.4375
567,6.625
568,4.5
569,4.0625
570,7.3125
571,5.1875
572,3.46875
573,7.125
574,5.75
575,6.34375
576,5.625
577,5.625
578,6.1875
579,4.96875
580,5.15625
581,3.625
582,6.25
583,5.375
584,5.40625
585,5.59375
586,5.78125
587,4.78125
588,4.71875
589,4.53125
590,6.15625
591,5.84375
592,5.6875
593,5.96875
594,7.0
595,7.0625
596,7.75
597,4.78125
598,3.03125
599,6.34375
600,5.625
601,5.28125
602,6.8125
603,5.84375
604,5.875
605,6.03125
606,6.03125
607,4.65625
608,5.6875
609,4.4375
610,4.78125
611,7.0625
612,5.9375
613,6.0
614,5.34375
615,7.25
616,6.375
617,5.875
618,5.25
619,4.34375
620,4.9375
621,5.34375
622,4.9375
623,5.25
624,4.3125
625,5.53125
626,6.0625
627,6.34375
628,6.0625
629,5.59375
630,5.5625
631,6.40625
632,5.8125
633,6.5
634,5.0625
635,3.53125
636,5.1875
637,6.21875
638,4.75
639,3.828125
640,5.0
641,6.40625
642,6.15625
643,3.59375
644,4.875
645,6.40625
646,5.65625
647,4.15625
648,6.59375
649,6.125
650,5.78125
651,6.125
652,5.6875
653,5.625
654,4.53125
655,5.6875
656,4.875
657,3.5
658,6.46875
659,6.21875
660,5.21875
661,4.90625
662,4.125
663,4.03125
664,6.28125
665,4.53125
666,6.78125
667,5.90625
668,5.21875
669,6.0
670,5.5625
671,4.40625
672,6.125
673,5.78125
674,6.15625
675,5.3125
676,6.375
677,3.421875
678,5.5625
679,6.03125
680,4.0
681,4.6875
682,4.90625
683,6.125
684,7.03125
685,6.53125
686,4.71875
687,5.5625
688,6.21875
689,6.5
690,6.53125
691,5.3125
692,6.625
693,5.9375
694,6.125
695,5.46875
696,6.875
697,6.125
698,5.5
699,6.125
700,6.6875
701,5.46875
702,4.375
703,5.9375
704,6.5
705,4.78125
706,5.5
707,6.625
708,6.71875
709,5.5
710,5.9375
711,6.125
712,6.28125
713,6.3125
714,6.1875
715,4.53125
716,5.15625
717,4.90625
718,6.375
719,5.375
720,6.0
721,7.40625
722,5.6875
723,5.96875
724,5.90625
725,6.53125
726,5.09375
727,5.5625
728,5.8125
729,4.3125
730,5.125
731,6.03125
732,5.53125
733,5.5625
734,4.53125
735,4.9375
736,3.828125
737,7.65625
738,6.75
739,4.90625
740,6.4375
741,6.53125
742,5.0
743,4.4375
744,4.6875
745,5.96875
746,5.8125
747,4.375
748,3.3125
749,5.5
750,4.8125
751,4.75
752,6.9375
753,5.96875
754,6.71875
755,6.03125
756,3.921875
757,3.46875
758,5.5625
759,3.328125
760,7.1875
761,6.0625
762,6.125
763,5.96875
764,6.59375
765,4.65625
766,5.96875
767,5.125
768,6.375
769,5.5625
770,5.34375
771,6.3125
772,5.09375
773,6.6875
774,6.125
775,6.5625
776,6.75
777,5.65625
778,6.25
779,6.0
780,5.5625
781,4.25
782,7.0
783,4.25
784,4.125
785,5.75
786,3.984375
787,5.625
788,3.875
789,4.5625
790,5.25
791,5.53125
792,4.59375
793,3.90625
794,4.375
795,6.125
796,5.3125
797,6.25
798,6.84375
799,4.40625
800,6.21875
801,4.4375
802,5.09375
803,5.78125
804,7.21875
805,6.5625
806,5.03125
807,5.5625
808,7.53125
809,3.0
810,6.90625
811,6.90625
812,4.78125
813,3.953125
814,6.84375
815,4.125
816,5.1875
817,5.1875
818,5.0
819,6.75
820,7.5
821,4.1875
822,7.53125
823,6.875
824,6.34375
825,6.65625
826,7.125
827,6.15625
828,7.65625
829,4.75
830,3.8125
831,5.5
832,5.9375
833,5.53125
834,5.65625
835,5.34375
836,3.796875
837,4.4375
838,6.5
839,6.15625
840,6.1875
841,6.09375
842,6.21875
843,5.375
844,5.53125
845,6.1875
846,5.1875
847,5.8125
848,5.78125
849,5.59375
850,7.53125
851,5.375
852,3.140625
853,5.6875
854,7.09375
855,6.875
856,5.84375
857,6.46875
858,6.65625
859,7.1875
860,7.3125
861,6.40625
862,6.75
863,4.8125
864,5.03125
865,6.125
866,3.734375
867,4.375
868,5.90625
869,6.53125
870,4.03125
871,4.0625
872,5.5
873,4.46875
874,6.34375
875,5.65625
876,6.09375
877,4.09375
878,5.4375
879,5.875
880,4.875
881,3.609375
882,4.65625
883,5.25
884,6.0
885,4.09375
886,5.71875
887,7.09375
888,5.96875
889,4.71875
890,5.34375
891,3.125
892,5.125
893,5.25
894,4.375
895,6.03125
896,6.1875
897,5.875
898,6.53125
899,4.5625
900,4.96875
901,5.75
902,6.0
903,6.5625
904,6.875
905,6.8125
906,4.6875
907,5.15625
908,4.34375
909,5.3125
910,6.34375
911,5.40625
912,4.9375
913,6.25
914,5.53125
915,5.65625
916,6.5625
917,5.21875
918,5.21875
919,5.28125
920,4.3125
921,4.0
922,5.9375
923,5.3125
924,3.671875
925,4.59375
926,6.5625
927,5.59375
928,6.90625
929,3.78125
930,4.21875
931,5.90625
932,6.25
933,3.671875
934,5.9375
935,6.09375
936,6.71875
937,5.5625
938,4.25
939,5.84375
940,5.40625
941,5.75
942,6.3125
943,5.1875
944,4.875
945,4.34375
946,4.15625
947,5.15625
948,4.6875
949,5.5
950,4.8125
951,6.15625
952,4.125
953,5.3125
954,6.5625
955,6.09375
956,6.0
957,5.71875
958,4.875
959,5.5625
960,4.375
961,5.0625
962,7.0625
963,6.375
964,6.09375
965,7.0
966,4.875
967,4.5
968,4.875
969,5.03125
970,5.21875
971,5.28125
972,7.0
973,7.03125
974,5.5
975,4.71875
976,6.0
977,6.3125
978,6.21875
979,6.875
980,6.46875
981,3.96875
982,4.21875
983,6.375
984,5.875
985,4.625
986,6.53125
987,5.375
988,5.15625
989,5.3125
990,5.8125
991,5.96875
992,6.09375
993,6.0
994,6.21875
995,7.21875
996,6.125
997,5.6875
998,5.5625
999,6.21875
1000,6.3125
1001,5.96875
1002,5.90625
1003,5.375
1004,4.34375
1005,7.0625
1006,4.9375
1007,6.5625
1008,3.703125
1009,7.25
1010,3.375
1011,6.09375
1012,5.28125
1013,6.53125
1014,6.40625
1015,6.90625
1016,5.75
1017,5.6875
1018,5.90625
1019,4.375
1020,4.125
1021,5.0
1022,6.875
1023,7.0625
1024,4.59375
1025,4.8125
1026,5.46875
1027,4.0625
1028,4.375
1029,4.1875
1030,4.90625
1031,5.625
1032,7.09375
1033,4.1875
1034,5.6875
1035,6.15625
1036,5.78125
1037,5.21875
1038,5.28125
1039,5.1875
1040,5.71875
1041,5.15625
1042,4.1875
1043,4.25
1044,6.875
1045,3.828125
1046,5.75
1047,6.4375
1048,6.125
1049,4.25
1050,3.984375
1051,5.34375
1052,6.59375
1053,4.15625
1054,4.375
1055,5.15625
1056,6.28125
1057,3.78125
1058,4.15625
1059,7.53125
1060,4.375
1061,6.3125
1062,5.625
1063,6.34375
1064,3.671875
1065,6.84375
1066,5.625
1067,6.15625
1068,5.8125
1069,4.59375
1070,6.5
1071,5.59375
1072,5.1875
1073,4.28125
1074,4.4375
1075,5.3125
1076,5.8125
1077,7.1875
1078,6.1875
1079,6.21875
1080,6.1875
1081,5.59375
1082,5.03125
1083,6.71875
1084,4.4375
1085,5.15625
1086,6.46875
1087,5.71875
1088,5.28125
1089,5.3125
1090,6.5625
1091,6.53125
1092,3.40625
1093,5.53125
1094,6.09375
1095,5.6875
1096,7.59375
1097,3.5625
1098,6.78125
1099,7.09375
1100,5.5
1101,6.0625
1102,6.0625
1103,5.40625
1104,4.8125
1105,4.34375
1106,5.40625
1107,5.625
1108,5.90625
1109,6.0
1110,6.65625
1111,4.71875
1112,6.875
1113,4.0625
1114,5.5
1115,6.21875
1116,5.9375
1117,5.46875
1118,4.125
1119,6.59375
1120,4.875
1121,5.4375
1122,6.4375
1123,5.96875
1124,6.40625
1125,6.8125
1126,6.21875
1127,6.09375
1128,5.84375
1129,6.71875
1130,4.0
1131,6.25
1132,5.71875
1133,6.03125
1134,5.5
1135,5.5
1136,6.3125
1137,6.78125
1138,2.8125
1139,5.53125
1140,4.84375
1141,6.75
1142,4.25
1143,5.1875
1144,4.53125
1145,6.5625
1146,5.53125
1147,3.8125
1148,5.9375
1149,5.1875
1150,5.84375
1151,4.8125
1152,5.78125
1153,6.21875
1154,4.90625
1155,3.578125
1156,6.8125
1157,5.53125
1158,5.75
1159,5.34375
1160,5.5
1161,4.6875
1162,6.5
1163,7.3125
1164,6.125
1165,6.4375
1166,5.5625
1167,5.4375
1168,3.8125
1169,6.40625
1170,4.40625
1171,3.890625
1172,6.40625
1173,4.8125
1174,5.59375
1175,4.96875
1176,5.78125
1177,5.4375
1178,5.8125
1179,4.59375
1180,7.1875
1181,5.3125
1182,5.65625
1183,5.71875
1184,5.71875
1185,4.875
1186,4.5625
1187,6.3125
1188,6.375
1189,6.28125
1190,5.96875
1191,5.90625
1192,3.421875
1193,5.90625
1194,4.4375
1195,6.5
1196,6.21875
1197,6.9375
1198,6.5
1199,6.0625
1200,5.75
1201,5.03125
1202,5.75
1203,5.53125
1204,6.09375
1205,5.625
1206,5.90625
1207,4.71875
1208,4.625
1209,5.46875
1210,6.125
1211,4.34375
1212,5.4375
1213,6.21875
1214,5.96875
1215,6.1875
1216,5.8125
1217,5.5
1218,6.96875
1219,6.90625
1220,4.90625
1221,4.40625
1222,5.5
1223,6.6875
1224,3.59375
1225,4.625
1226,6.21875
1227,5.21875
1228,6.8125
1229,4.75
1230,5.0625
1231,4.5
1232,5.59375
1233,4.84375
1234,5.625
1235,6.03125
1236,5.875
1237,5.09375
1238,5.0625
1239,5.59375
1240,3.703125
1241,4.875
1242,6.6875
1243,4.09375
1244,6.625
1245,3.953125
1246,5.625
1247,4.71875
1248,6.40625
1249,6.21875
1250,6.125
1251,5.0625
1252,6.34375
1253,5.90625
1254,4.90625
1255,5.71875
1256,6.625
1257,4.375
1258,6.59375
1259,4.21875
1260,5.78125
1261,4.6875
1262,6.25
1263,5.84375
1264,4.375
1265,5.5
1266,6.96875
1267,5.75
1268,4.90625
1269,6.1875
1270,4.0
1271,6.5
1272,5.9375
1273,5.09375
1274,5.75
1275,3.859375
1276,5.34375
1277,4.40625
1278,4.5625
1279,5.84375
1280,5.0625
1281,6.40625
1282,4.875
1283,6.90625
1284,5.90625
1285,5.71875
1286,4.75
1287,4.78125
1288,5.375
1289,3.46875
1290,3.515625
1291,5.25
1292,6.375
1293,5.8125
1294,3.765625
1295,5.0
1296,4.46875
1297,5.84375
1298,4.21875
1299,4.15625
1300,5.03125
1301,5.0
1302,5.9375
1303,6.46875
1304,4.5625
1305,5.5
1306,6.46875
1307,5.46875
1308,5.21875
1309,5.21875
1310,6.5625
1311,5.90625
1312,5.125
1313,3.890625
1314,6.9375
1315,6.125
1316,6.5625
1317,6.71875
1318,5.1875
1319,4.34375
1320,4.09375
1321,5.875
1322,5.21875
1323,6.34375
1324,6.375
1325,6.6875
1326,5.1875
1327,5.0625
1328,5.78125
1329,5.34375
1330,5.3125
1331,7.21875
1332,6.84375
1333,4.46875
1334,6.09375
1335,5.1875
1336,4.1875
1337,6.71875
1338,4.6875
1339,6.34375
1340,5.65625
1341,6.25
1342,4.0
1343,5.0625
1344,5.21875
1345,4.9375
1346,6.90625
1347,5.90625
1348,6.53125
1349,5.96875
1350,6.625
1351,5.96875
1352,4.34375
1353,6.46875
1354,4.53125
1355,6.875
1356,4.875
1357,5.9375
1358,4.3125
1359,4.6875
1360,5.65625
1361,5.59375
1362,5.65625
1363,5.0625
1364,6.09375
1365,5.875
1366,5.9375
1367,5.96875
1368,5.34375
1369,5.46875
1370,4.4375
1371,5.125
1372,4.46875
1373,5.59375
1374,5.6875
1375,6.03125
1376,5.78125
1377,4.5625
1378,5.46875
1379,4.3125
1380,4.4375
1381,7.125
1382,5.875
1383,6.0625
1384,3.546875
1385,5.125
1386,3.78125
1387,4.46875
1388,7.125
1389,6.21875
1390,6.4375
1391,5.40625
1392,6.46875
1393,5.78125
1394,6.8125
1395,6.625
1396,4.03125
1397,6.65625
1398,5.0625
1399,5.59375
1400,5.875
1401,6.28125
1402,4.65625
1403,3.875
1404,3.953125
1405,6.6875
1406,5.375
1407,6.78125
1408,5.875
1409,5.5
1410,4.84375
1411,6.125
1412,4.15625
1413,5.1875
1414,5.96875
1415,5.125
1416,6.4375
1417,4.53125
1418,5.875
1419,6.09375
1420,5.625
1421,5.21875
1422,5.09375
1423,4.28125
1424,4.65625
1425,5.96875
1426,6.0625
1427,4.46875
1428,4.78125
1429,5.6875
1430,5.78125
1431,5.21875
1432,4.9375
1433,6.21875
1434,6.875
1435,5.90625
1436,5.25
1437,5.8125
1438,5.90625
1439,5.59375
1440,4.9375
1441,5.21875
1442,6.21875
1443,4.90625
1444,5.84375
1445,5.34375
1446,4.78125
1447,4.96875
1448,3.8125
1449,5.0
1450,5.09375
1451,5.625
1452,5.625
1453,5.5
1454,5.875
1455,4.65625
1456,5.1875
1457,3.640625
1458,5.03125
1459,3.546875
1460,6.3125
1461,5.25
1462,4.6875
1463,6.03125
1464,6.34375
1465,5.5625
1466,5.96875
1467,3.734375
1468,4.0
1469,7.03125
1470,7.40625
1471,6.5
1472,6.0
1473,6.03125
1474,5.71875
1475,7.625
1476,5.5625
1477,6.40625
1478,5.84375
1479,6.03125
1480,4.84375
1481,6.5
1482,5.25
1483,6.15625
1484,5.4375
1485,4.5
1486,4.1875
1487,4.40625
1488,5.5
1489,5.96875
1490,4.375
1491,5.15625
1492,5.96875
1493,5.3125
1494,6.46875
1495,6.28125
1496,5.21875
1497,5.28125
1498,5.0
1499,4.84375
1500,6.0625
1501,6.03125
1502,5.09375
1503,6.0
1504,6.125
1505,5.28125
1506,4.03125
1507,5.28125
1508,3.890625
1509,4.9375
1510,5.34375
1511,5.9375
1512,5.90625
1513,6.25
1514,5.75
1515,5.03125
1516,5.4375
1517,5.875
1518,6.28125
1519,5.25
1520,6.21875
1521,6.28125
1522,7.0
1523,5.46875
1524,5.5
1525,5.53125
1526,6.78125
1527,5.96875
1528,5.59375
1529,6.53125
1530,4.15625
1531,4.5
1532,5.34375
1533,5.9375
1534,6.40625
1535,6.3125
1536,6.59375
1537,5.78125
1538,6.46875
1539,6.3125
1540,4.1875
1541,6.1875
1542,7.0625
1543,5.4375
1544,4.65625
1545,4.5
1546,4.9375
1547,5.59375
1548,5.5
1549,5.5625
1550,5.46875
1551,5.0625
1552,6.125
1553,5.40625
1554,5.71875
1555,4.78125
1556,3.859375
1557,5.3125
1558,5.96875
1559,6.1875
1560,5.03125
1561,6.28125
1562,6.34375
1563,5.875
1564,6.875
1565,6.4375
1566,5.15625
1567,5.6875
1568,5.9375
1569,5.78125
1570,5.96875
1571,5.75
1572,4.28125
1573,3.921875
1574,6.4375
1575,6.09375
1576,4.65625
1577,5.875
1578,5.75
1579,5.5
1580,5.8125
1581,5.6875
1582,6.34375
1583,7.0625
1584,4.625
1585,6.0
1586,4.84375
1587,6.09375
1588,5.0
1589,6.0
1590,5.25
1591,5.59375
1592,3.84375
1593,7.3125
1594,6.15625
1595,5.40625
1596,6.03125
1597,4.65625
1598,5.8125
1599,4.53125
1600,5.4375
1601,6.375
1602,5.96875
1603,4.8125
1604,5.96875
1605,5.21875
1606,5.15625
1607,5.625
1608,5.25
1609,5.28125
1610,5.4375
1611,4.5625
1612,5.4375
1613,5.5
1614,5.65625
1615,4.03125
1616,5.25
1617,3.765625
1618,5.6875
1619,6.25
1620,5.59375
1621,3.828125
1622,4.96875
1623,4.125
1624,5.84375
1625,3.71875
1626,5.65625
1627,5.96875
1628,5.875
1629,5.75
1630,6.84375
1631,5.71875
1632,5.21875
1633,6.375
1634,4.6875
1635,5.3125
1636,4.84375
1637,6.5625
1638,6.25
1639,4.65625
1640,3.0625
1641,5.84375
1642,4.90625
1643,4.03125
1644,3.953125
1645,4.84375
1646,4.34375
1647,6.8125
1648,5.0
1649,6.1875
1650,6.0
1651,6.40625
1652,4.8125
1653,4.25
1654,6.0625
1655,5.625
1656,5.3125
1657,5.53125
1658,6.34375
1659,6.40625
1660,4.8125
1661,6.53125
1662,4.4375
1663,5.6875
1664,6.875
1665,4.84375
1666,6.8125
1667,6.625
1668,5.5
1669,6.0
1670,5.25
1671,5.53125
1672,5.9375
1673,6.5
1674,4.125
1675,4.40625
1676,3.765625
1677,3.734375
1678,4.96875
1679,6.5625
1680,3.65625
1681,4.84375
1682,5.40625
1683,5.84375
1684,6.25
1685,5.40625
1686,5.71875
1687,4.96875
1688,6.6875
1689,4.5625
1690,5.5625
1691,4.90625
1692,5.65625
1693,6.46875
1694,4.5625
1695,5.3125
1696,4.65625
1697,5.09375
1698,5.65625
1699,3.65625
1700,6.0
1701,5.09375
1702,5.53125
1703,5.875
1704,5.84375
1705,6.03125
1706,5.75
1707,5.6875
1708,6.1875
1709,4.78125
1710,5.9375
1711,5.3125
1712,4.90625
1713,6.4375
1714,3.9375
1715,5.75
1716,5.28125
1717,4.65625
1718,5.59375
1719,5.28125
1720,5.34375
1721,3.671875
1722,4.34375
1723,6.21875
1724,5.9375
1725,6.1875
1726,4.75
1727,5.125
1728,6.1875
1729,5.1875
1730,3.71875
1731,4.125
1732,6.34375
1733,5.1875
1734,7.6875
1735,4.03125
1736,4.9375
1737,6.59375
1738,5.9375
1739,6.25
1740,4.90625
1741,5.9375
1742,4.0625
1743,5.84375
1744,6.625
1745,5.46875
1746,5.03125
1747,3.890625
1748,5.3125
1749,3.390625
1750,5.40625
1751,5.3125
1752,4.90625
1753,6.09375
1754,4.5
1755,4.6875
1756,3.53125
1757,6.4375
1758,5.625
1759,4.65625
1760,4.8125
1761,6.78125
1762,5.75
1763,3.71875
1764,6.0
1765,4.3125
1766,7.09375
1767,4.5
1768,5.75
1769,7.03125
1770,6.5625
1771,4.96875
1772,5.28125
1773,4.5
1774,4.875
1775,3.703125
1776,4.15625
1777,6.09375
1778,6.09375
1779,6.1875
1780,5.53125
1781,4.25
1782,5.9375
1783,5.5
1784,5.0625
1785,3.625
1786,4.125
1787,4.46875
1788,6.875
1789,5.3125
1790,6.0625
1791,6.03125
1792,5.5625
1793,6.0625
1794,3.3125
1795,3.640625
1796,5.84375
1797,6.125
1798,3.5
1799,6.21875
1800,5.96875
1801,5.5625
1802,4.28125
1803,5.09375
1804,4.4375
1805,4.75
1806,5.5
1807,4.46875
1808,6.0625
1809,4.34375
1810,6.75
1811,6.46875
1812,5.15625
1813,5.78125
1814,5.0625
1815,4.59375
1816,4.0625
1817,5.46875
1818,5.71875
1819,4.125
1820,5.3125
1821,5.84375
1822,4.25
1823,4.4375
1824,5.59375
1825,4.75
1826,5.09375
1827,5.40625
1828,6.125
1829,4.90625
1830,6.0
1831,4.6875
1832,6.0
1833,3.84375
1834,4.125
1835,5.4375
1836,4.59375
1837,5.90625
1838,5.6875
1839,4.34375
1840,5.5
1841,5.65625
1842,5.625
1843,5.84375
1844,5.4375
1845,6.0
1846,5.5
1847,6.25
1848,5.46875
1849,4.875
1850,6.15625
1851,5.78125
1852,3.515625
1853,5.78125
1854,4.3125
1855,4.1875
1856,6.03125
1857,5.71875
1858,5.46875
1859,4.28125
1860,6.0
1861,3.515625
1862,4.78125
1863,3.59375
1864,6.375
1865,5.84375
1866,5.15625
1867,5.875
1868,5.53125
1869,4.6875
1870,5.125
1871,5.0625
1872,6.46875
1873,6.40625
1874,6.09375
1875,4.71875
1876,5.53125
1877,5.28125
1878,4.53125
1879,4.59375
1880,3.609375
1881,5.40625
1882,6.3125
1883,5.03125
1884,5.59375
1885,4.5625
1886,5.15625
1887,4.78125
1888,5.375
1889,5.0625
1890,5.9375
1891,5.25
1892,4.1875
1893,6.03125
1894,5.84375
1895,5.90625
1896,4.0
1897,3.625
1898,5.6875
1899,4.5625
1900,6.25
1901,5.96875
1902,4.9375
1903,5.40625
1904,5.40625
1905,5.0
1906,5.1875
1907,5.875
1908,6.3125
1909,3.796875
1910,6.1875
1911,4.8125
1912,6.25
1913,6.15625
1914,5.8125
1915,6.9375
1916,5.0
1917,3.828125
1918,5.65625
1919,6.375
1920,3.578125
1921,6.4375
1922,6.0
1923,3.8125
1924,4.0625
1925,5.1875
1926,5.625
1927,6.0
1928,6.625
1929,5.5
1930,6.5625
1931,5.4375
1932,6.0625
1933,3.671875
1934,5.78125
1935,6.5
1936,6.03125
1937,5.3125
1938,5.09375
1939,4.78125
1940,5.125
1941,5.9375
1942,5.375
1943,5.46875
1944,5.5625
1945,4.71875
1946,6.875
1947,5.875
1948,4.15625
1949,4.5
1950,3.6875
1951,5.0
1952,5.0
1953,5.6875
1954,3.546875
1955,5.1875
1956,5.0
1957,3.828125
1958,5.40625
1959,4.96875
1960,6.1875
1961,5.875
1962,5.03125
1963,5.5625
1964,4.5
1965,5.5625
1966,5.3125
1967,5.34375
1968,4.46875
1969,4.65625
1970,5.90625
1971,5.1875
1972,6.40625
1973,5.09375
1974,5.375
1975,6.125
1976,5.0625
1977,4.8125
1978,6.125
1979,4.84375
1980,6.375
1981,5.0625
1982,5.46875
1983,5.65625
1984,5.15625
1985,5.34375
1986,6.0
1987,3.59375
1988,4.59375
1989,5.21875
1990,5.1875
1991,5.9375
1992,3.703125
1993,6.0625
1994,4.875
1995,5.6875
1996,5.625
1997,6.4375
1998,3.734375
1999,6.0
2000,5.59375
2001,5.90625
2002,4.59375
2003,4.84375
2004,3.34375
2005,6.0625
2006,5.0
2007,5.6875
2008,5.3125
2009,5.3125
2010,5.6875
2011,5.125
2012,5.53125
2013,5.78125
2014,5.65625
2015,3.40625
2016,2.96875
2017,6.6875
2018,5.78125
2019,4.0625
2020,6.0625
2021,6.15625
2022,5.875
2023,5.75
2024,5.03125
2025,4.4375
2026,5.3125
2027,6.78125
2028,4.90625
2029,4.34375
2030,5.40625
2031,3.578125
2032,4.875
2033,7.75
2034,5.4375
2035,5.40625
2036,5.28125
2037,5.03125
2038,5.0
2039,5.40625
2040,5.3125
2041,4.8125
2042,5.5
2043,5.71875
2044,6.40625
2045,5.3125
2046,5.75
2047,4.78125
2048,5.53125
2049,6.0
2050,5.0625
2051,5.0
2052,6.03125
2053,4.28125
2054,5.875
2055,4.375
2056,4.0625
2057,3.96875
2058,4.78125
2059,4.34375
2060,4.34375
2061,4.53125
2062,3.984375
2063,4.71875
2064,6.625
2065,6.5
2066,5.1875
2067,5.28125
2068,5.5625
2069,3.828125
2070,5.96875
2071,5.15625
2072,5.03125
2073,4.78125
2074,6.375
2075,6.34375
2076,5.75
2077,5.4375
2078,3.203125
2079,4.625
2080,5.4375
2081,5.78125
2082,4.34375
2083,4.96875
2084,6.71875
2085,5.84375
2086,5.78125
2087,3.5625
2088,6.28125
2089,6.3125
2090,6.0625
2091,5.0625
2092,6.03125
2093,6.1875
2094,4.8125
2095,5.78125
2096,5.46875
2097,6.34375
2098,5.125
2099,3.84375
2100,6.03125
2101,5.4375
2102,6.59375
2103,6.625
2104,6.125
2105,5.21875
2106,6.125
2107,5.53125
2108,7.21875
2109,5.90625
2110,4.625
2111,3.703125
2112,5.5625
2113,5.90625
2114,6.71875
2115,5.84375
2116,3.75
2117,6.09375
2118,4.90625
2119,3.8125
2120,5.75
2121,6.5625
2122,5.28125
2123,4.375
2124,3.9375
2125,6.75
2126,6.09375
2127,5.3125
2128,5.375
2129,6.15625
2130,4.15625
2131,6.15625
2132,5.9375
2133,5.9375
2134,5.65625
2135,5.125
2136,4.75
2137,4.34375
2138,6.65625
2139,6.09375
2140,6.34375
2141,5.6875
2142,5.21875
2143,5.4375
2144,5.1875
2145,5.03125
2146,3.328125
2147,3.65625
2148,3.484375
2149,6.21875
2150,4.4375
2151,6.4375
2152,6.84375
2153,3.78125
2154,4.40625
2155,4.25
2156,5.25
2157,4.8125
2158,4.84375
2159,5.875
2160,4.40625
2161,4.3125
2162,5.84375
2163,5.28125
2164,6.15625
2165,6.4375
2166,4.59375
2167,6.28125
2168,7.625
2169,6.09375
2170,5.53125
2171,5.3125
2172,5.625
2173,5.09375
2174,3.5
2175,5.53125
2176,4.40625
2177,4.78125
2178,5.84375
2179,6.375
2180,4.6875
2181,5.5625
2182,5.46875
2183,5.375
2184,5.15625
2185,6.375
2186,5.71875
2187,3.8125
2188,6.84375
2189,5.21875
2190,3.5625
2191,5.40625
2192,6.6875
2193,4.25
2194,4.96875
2195,4.46875
2196,5.0625
2197,4.9375
2198,5.46875
2199,5.0
2200,5.1875
2201,5.375
2202,6.28125
2203,6.03125
2204,6.03125
2205,6.4375
2206,5.84375
2207,4.3125
2208,6.4375
2209,5.71875
2210,7.0
2211,5.59375
2212,4.375
2213,4.96875
2214,5.125
2215,4.25
2216,4.9375
2217,5.125
2218,5.0
2219,5.28125
2220,5.4375
2221,5.96875
2222,6.375
2223,5.09375
2224,5.375
2225,5.53125
2226,6.0
2227,4.21875
2228,4.875
2229,3.875
2230,5.40625
2231,5.65625
2232,6.15625
2233,5.8125
2234,5.53125
2235,3.703125
2236,5.96875
2237,4.15625
2238,5.28125
2239,4.9375
2240,5.3125
2241,3.25
2242,3.765625
2243,4.46875
2244,4.46875
2245,5.71875
2246,4.0625
2247,6.84375
2248,5.03125
2249,4.65625
2250,5.4375
2251,5.40625
2252,6.03125
2253,4.78125
2254,5.4375
2255,5.125
2256,6.21875
2257,6.09375
2258,5.0
2259,5.65625
2260,5.46875
2261,5.90625
2262,3.8125
2263,4.375
2264,6.28125
2265,6.53125
2266,6.78125
2267,5.78125
2268,6.40625
2269,6.1875
2270,5.4375
2271,5.34375
2272,5.0625
2273,7.03125
2274,5.875
2275,6.96875
2276,5.0
2277,4.53125
2278,4.90625
2279,6.0625
2280,5.78125
2281,4.875
2282,3.84375
2283,4.5
2284,5.4375
2285,5.78125
2286,3.859375
2287,6.28125
2288,6.0
2289,4.59375
2290,3.515625
2291,4.75
2292,6.0
2293,5.6875
2294,4.1875
2295,6.0
2296,3.90625
2297,6.46875
2298,6.5
2299,4.4375
2300,5.28125
2301,5.9375
2302,5.34375
2303,5.5625
2304,5.5
2305,5.59375
2306,5.84375
2307,6.34375
2308,4.3125
2309,4.65625
2310,5.875
2311,6.28125
2312,4.71875
2313,4.0
2314,5.53125
2315,5.84375
2316,4.9375
2317,4.9375
2318,4.53125
2319,4.90625
2320,6.125
2321,6.75
2322,6.5
2323,5.90625
2324,5.96875
2325,5.0
2326,4.9375
2327,3.78125
2328,6.1875
2329,5.84375
2330,6.40625
2331,4.84375
2332,5.1875
2333,4.71875
2334,5.4375
2335,5.375
2336,5.0
2337,4.75
2338,3.65625
2339,4.65625
2340,5.875
2341,4.15625
2342,3.3125
2343,5.28125
2344,5.25
2345,5.53125
2346,3.84375
2347,4.21875
2348,5.0
2349,6.46875
2350,4.625
2351,5.03125
2352,6.03125
2353,5.6875
2354,7.21875
2355,4.75
2356,5.9375
2357,5.09375
2358,6.4375
2359,5.28125
2360,4.25
2361,6.0
2362,5.96875
2363,4.0625
2364,5.75
2365,4.875
2366,4.4375
2367,5.8125
2368,5.03125
2369,5.4375
2370,5.71875
2371,4.78125
2372,5.15625
2373,5.0625
2374,6.71875
2375,5.53125
2376,5.4375
2377,6.59375
2378,5.71875
2379,4.8125
2380,3.4375
2381,4.71875
2382,4.96875
2383,5.46875
2384,5.875
2385,5.78125
2386,5.0625
2387,6.09375
2388,4.90625
2389,5.3125
2390,6.09375
2391,4.8125
2392,4.5625
2393,6.21875
2394,5.90625
2395,5.5
2396,4.4375
2397,5.96875
2398,5.46875
2399,5.75
2400,5.5
2401,4.1875
2402,3.828125
2403,5.21875
2404,5.15625
2405,5.0
2406,5.71875
2407,5.09375
2408,5.1875
2409,5.71875
2410,4.875
2411,5.5625
2412,5.875
2413,6.28125
2414,5.6875
2415,5.1875
2416,5.25
2417,5.09375
2418,6.15625
2419,6.21875
2420,4.90625
2421,4.875
2422,4.5
2423,4.25
2424,6.46875
2425,5.5625
2426,4.59375
2427,5.90625
2428,7.59375
2429,5.65625
2430,6.0625
2431,5.6875
2432,5.6875
2433,4.71875
2434,6.375
2435,6.15625
2436,4.875
2437,5.84375
2438,4.40625
2439,5.0625
2440,6.09375
2441,4.625
2442,6.03125
2443,5.15625
2444,4.375
2445,3.34375
2446,4.71875
2447,6.78125
2448,5.6875
2449,5.21875
2450,5.21875
2451,4.8125
2452,6.0625
2453,4.875
2454,5.21875
2455,4.125
2456,4.8125
2457,5.34375
2458,4.65625
2459,5.125
2460,3.96875
2461,5.15625
2462,5.90625
2463,6.125
2464,6.21875
2465,3.859375
2466,4.28125
2467,5.46875
2468,6.25
2469,4.6875
2470,6.21875
2471,4.96875
2472,5.875
2473,5.53125
2474,5.9375
2475,4.28125
2476,5.125
2477,4.375
2478,5.5
2479,6.21875
2480,6.0
2481,5.34375
2482,5.96875
2483,5.78125
2484,5.1875
2485,5.84375
2486,5.34375
2487,5.25
2488,5.875
2489,3.46875
2490,5.875
2491,5.90625
2492,4.8125
2493,4.21875
2494,5.15625
2495,6.1875
2496,5.5625
2497,6.15625
2498,6.9375
2499,5.125
2500,4.375
2501,4.1875
2502,6.1875
2503,5.78125
2504,5.78125
2505,5.96875
2506,5.1875
2507,4.625
2508,5.4375
2509,4.09375
2510,6.6875
2511,5.5
2512,6.59375
2513,5.78125
2514,4.5
2515,4.5625
2516,5.8125
2517,5.375
2518,5.375
2519,5.9375
2520,3.9375
2521,5.78125
2522,4.375
2523,5.28125
2524,3.21875
2525,5.4375
2526,5.15625
2527,4.59375
2528,5.96875
2529,3.34375
2530,5.15625
2531,5.5625
2532,6.375
2533,5.59375
2534,5.53125
2535,5.96875
2536,4.71875
2537,4.375
2538,5.03125
2539,5.65625
2540,5.5
2541,4.65625
2542,3.46875
2543,6.34375
2544,4.34375
2545,4.34375
2546,5.875
2547,6.59375
2548,4.65625
2549,4.46875
2550,3.625
2551,5.9375
2552,4.9375
2553,3.71875
2554,4.71875
2555,4.78125
2556,6.40625
2557,6.59375
2558,4.5
2559,5.28125
2560,3.796875
2561,4.71875
2562,5.875
2563,4.96875
2564,5.5625
2565,6.0625
2566,5.59375
2567,3.4375
2568,6.5625
2569,5.625
2570,5.625
2571,4.8125
2572,5.46875
2573,3.953125
2574,6.0
2575,4.875
2576,5.5625
2577,3.640625
2578,5.75
2579,5.34375
2580,4.75
2581,4.875
2582,4.5625
2583,5.90625
2584,5.3125
2585,5.5
2586,5.5
2587,6.28125
2588,5.34375
2589,5.25
2590,4.0625
2591,5.96875
2592,6.4375
2593,4.0625
2594,6.0625
2595,3.96875
2596,5.3125
2597,7.0625
2598,5.375
2599,5.84375
2600,5.75
2601,5.8125
2602,5.375
2603,3.828125
2604,5.125
2605,5.6875
2606,4.78125
2607,5.75
2608,4.4375
2609,5.40625
2610,5.0
2611,3.546875
2612,4.875
2613,5.46875
2614,5.75
2615,5.9375
2616,6.28125
2617,5.40625
2618,6.5
2619,5.40625
2620,5.1875
2621,5.84375
2622,5.5
2623,5.0625
2624,4.6875
2625,5.53125
2626,5.15625
2627,4.96875
2628,6.125
2629,4.5
2630,4.75
2631,5.1875
2632,4.21875
2633,5.78125
2634,5.78125
2635,4.25
2636,5.65625
2637,6.3125
2638,6.65625
2639,4.59375
2640,6.03125
2641,4.1875
2642,6.28125
2643,5.8125
2644,5.6875
2645,4.6875
2646,6.625
2647,4.90625
2648,5.625
2649,5.8125
2650,5.25
2651,5.65625
2652,3.953125
2653,6.40625
2654,5.40625
2655,5.40625
2656,6.34375
2657,5.0625
2658,3.65625
2659,4.625
2660,5.75
2661,3.703125
2662,3.890625
2663,5.96875
2664,4.5625
2665,5.875
2666,6.78125
2667,4.8125
2668,4.34375
2669,4.9375
2670,4.78125
2671,5.53125
2672,4.875
2673,4.0
2674,5.4375
2675,3.75
2676,4.6875
2677,5.125
2678,5.25
2679,4.65625
2680,6.03125
2681,6.3125
2682,5.3125
2683,5.4375
2684,4.4375
2685,6.65625
2686,5.09375
2687,4.0
2688,5.84375
2689,4.0625
2690,5.125
2691,3.96875
2692,5.90625
2693,5.03125
2694,5.21875
2695,3.8125
2696,4.34375
2697,5.0
2698,4.03125
2699,5.5
2700,4.90625
2701,5.0625
2702,3.875
2703,4.46875
2704,5.65625
2705,5.6875
2706,3.71875
2707,5.75
2708,5.0625
2709,4.21875
2710,4.1875
2711,4.9375
2712,4.65625
2713,6.03125
2714,5.125
2715,5.875
2716,3.859375
2717,7.0
2718,6.0625
2719,4.5
2720,3.890625
2721,5.59375
2722,5.5
2723,5.0
2724,4.46875
2725,6.78125
2726,6.28125
2727,5.53125
2728,4.1875
2729,3.921875
2730,6.71875
2731,5.96875
2732,3.59375
2733,5.21875
2734,5.46875
2735,5.09375
2736,5.75
2737,5.40625
2738,6.25
2739,5.1875
2740,3.890625
2741,4.125
2742,4.0
2743,4.5625
2744,6.03125
2745,4.78125
2746,5.90625
2747,4.375
2748,4.46875
2749,5.0
2750,5.96875
2751,6.46875
2752,4.3125
2753,4.8125
2754,6.9375
2755,3.21875
2756,4.53125
2757,4.1875
2758,5.0625
2759,5.5625
2760,5.96875
2761,3.84375
2762,4.78125
2763,5.46875
2764,4.96875
2765,5.40625
2766,5.53125
2767,4.71875
2768,4.75
2769,3.96875
2770,3.8125
2771,4.03125
2772,4.59375
2773,5.9375
2774,5.75
2775,4.75
2776,4.90625
2777,5.84375
2778,3.65625
2779,5.4375
2780,4.34375
2781,6.28125
2782,5.21875
2783,6.40625
2784,4.0625
2785,5.0
2786,5.125
2787,6.65625
2788,3.890625
2789,5.03125
2790,5.4375
2791,6.65625
2792,5.375
2793,6.21875
2794,3.921875
2795,6.15625
2796,5.1875
2797,6.5625
2798,5.75
2799,5.375
2800,6.40625
2801,6.03125
2802,4.96875
2803,5.84375
2804,5.375
2805,4.28125
2806,4.90625
2807,5.28125
2808,2.9375
2809,5.53125
2810,4.8125
2811,5.96875
2812,6.4375
2813,6.0625
2814,4.28125
2815,3.734375
2816,5.125
2817,5.4375
2818,4.53125
2819,5.0
2820,3.34375
2821,4.25
2822,6.71875
2823,5.8125
2824,4.46875
2825,6.375
2826,4.21875
2827,6.78125
2828,5.59375
2829,5.53125
2830,4.09375
2831,6.34375
2832,5.8125
2833,4.84375
2834,6.375
2835,5.40625
2836,6.4375
2837,3.484375
2838,5.125
2839,4.46875
2840,5.28125
2841,5.625
2842,6.0625
2843,4.0625
2844,6.53125
2845,5.40625
2846,6.09375
2847,6.25
2848,5.46875
2849,4.96875
2850,6.5
2851,5.84375
2852,4.0625
2853,6.0625
2854,5.0
2855,6.0625
2856,5.84375
2857,5.5625
2858,5.59375
2859,4.78125
2860,5.53125
2861,5.96875
2862,3.421875
2863,6.34375
2864,5.71875
2865,5.53125
2866,4.75
2867,5.53125
2868,7.4375
2869,4.96875
2870,3.984375
2871,6.21875
2872,6.0625
2873,5.46875
2874,5.625
2875,4.84375
2876,6.40625
2877,6.78125
2878,5.0625
2879,6.5625
2880,5.5625
2881,3.296875
2882,4.25
2883,5.6875
2884,5.78125
2885,6.03125
2886,5.34375
2887,5.0625
2888,6.5625
2889,4.9375
2890,5.9375
2891,5.96875
2892,4.8125
2893,6.15625
2894,6.40625
2895,5.6875
2896,6.5625
2897,3.484375
2898,5.375
2899,4.9375
2900,3.75
2901,3.90625
2902,6.46875
2903,5.5625
2904,3.71875
2905,5.96875
2906,3.609375
2907,4.9375
2908,6.09375
2909,5.25
2910,5.90625
2911,4.25
2912,5.3125
2913,5.5625
2914,4.59375
2915,4.9375
2916,6.78125
2917,4.9375
2918,4.53125
2919,5.15625
2920,6.125
2921,4.21875
2922,5.4375
2923,6.34375
2924,4.375
2925,5.28125
2926,4.5625
2927,6.03125
2928,5.09375
2929,5.21875
2930,5.5625
2931,3.734375
2932,4.5
2933,5.1875
2934,4.1875
2935,6.25
2936,4.40625
2937,5.0625
2938,4.78125
2939,3.546875
2940,4.96875
2941,5.96875
2942,5.1875
2943,5.0
2944,5.84375
2945,3.359375
2946,5.46875
2947,3.453125
2948,5.53125
2949,5.25
2950,3.578125
2951,6.0
2952,5.375
2953,4.21875
2954,5.90625
2955,4.21875
2956,5.53125
2957,6.5
2958,5.34375
2959,5.625
2960,6.1875
2961,4.25
2962,5.28125
2963,6.125
2964,3.5625
2965,5.65625
2966,4.0625
2967,4.28125
2968,5.75
2969,6.46875
2970,5.40625
2971,5.0625
2972,3.234375
2973,4.40625
2974,5.0625
2975,6.375
2976,5.90625
2977,6.375
2978,5.46875
2979,6.125
2980,3.90625
2981,3.484375
2982,5.4375
2983,7.0
2984,5.25
2985,5.375
2986,3.921875
2987,4.75
2988,5.125
2989,3.328125
2990,3.671875
2991,5.28125
2992,5.3125
2993,6.0
2994,5.15625
2995,7.34375
2996,6.0625
2997,6.15625
2998,6.28125
2999,4.625
3000,5.28125
3001,5.75
3002,5.0
3003,5.28125
3004,5.46875
3005,3.71875
3006,7.09375
3007,5.28125
3008,5.4375
3009,4.15625
3010,6.03125
3011,5.84375
3012,5.4375
3013,6.65625
3014,5.0625
3015,5.59375
3016,5.125
3017,5.8125
3018,5.5
3019,3.125
3020,5.46875
3021,5.4375
3022,3.625
3023,5.21875
3024,5.78125
3025,5.09375
3026,6.40625
3027,3.875
3028,3.375
3029,3.65625
3030,5.84375
3031,5.3125
3032,6.09375
3033,4.15625
3034,5.84375
3035,5.09375
3036,6.34375
3037,5.5
3038,5.59375
3039,5.28125
3040,5.0
3041,5.40625
3042,6.03125
3043,4.96875
3044,4.6875
3045,4.8125
3046,4.34375
3047,6.15625
3048,6.0625
3049,5.3125
3050,5.875
3051,6.4375
3052,4.65625
3053,5.375
3054,4.3125
3055,4.84375
3056,4.9375
3057,5.65625
3058,3.609375
3059,5.90625
3060,5.53125
3061,6.53125
3062,4.03125
3063,4.65625
3064,6.375
3065,4.4375
3066,4.75
3067,5.90625
3068,5.71875
3069,5.15625
3070,5.625
3071,6.65625
3072,5.21875
3073,5.9375
3074,3.828125
3075,6.3125
3076,4.75
3077,4.46875
3078,4.1875
3079,5.65625
3080,4.75
3081,6.28125
3082,5.8125
3083,5.09375
3084,6.15625
3085,4.53125
3086,4.3125
3087,6.25
3088,5.9375
3089,4.6875
3090,5.40625
3091,5.0625
3092,5.8125
3093,4.65625
3094,4.5625
3095,5.90625
3096,5.78125
3097,6.125
3098,5.71875
3099,6.21875
3100,5.5
3101,4.90625
3102,4.78125
3103,4.125
3104,6.125
3105,4.90625
3106,5.03125
3107,5.625
3108,5.28125
3109,6.25
3110,4.0
3111,3.6875
3112,6.125
3113,4.84375
3114,5.28125
3115,4.71875
3116,5.125
3117,5.75
3118,4.15625
3119,6.09375
3120,3.359375
3121,5.46875
3122,4.21875
3123,4.28125
3124,4.875
3125,5.78125
3126,5.65625
3127,5.59375
3128,6.71875
3129,5.21875
3130,5.96875
3131,4.8125
3132,5.6875
3133,4.625
3134,6.375
3135,5.34375
3136,6.0
3137,5.46875
3138,5.28125
3139,6.375
3140,3.9375
3141,5.90625
3142,4.5
3143,5.34375
3144,6.46875
3145,5.3125
3146,4.75
3147,5.21875
3148,4.5
3149,5.78125
3150,6.09375
3151,4.4375
3152,3.890625
3153,6.5
3154,6.1875
3155,6.375
3156,6.03125
3157,6.65625
3158,6.8125
3159,6.09375
3160,3.40625
3161,6.78125
3162,5.84375
3163,5.75
3164,5.40625
3165,5.65625
3166,6.03125
3167,7.1875
3168,4.09375
3169,5.21875
3170,5.90625
3171,4.8125
3172,5.21875
3173,4.5625
3174,6.09375
3175,4.40625
3176,5.3125
3177,5.84375
3178,6.28125
3179,5.5
3180,6.6875
3181,6.125
3182,5.09375
3183,3.421875
3184,5.8125
3185,5.34375
3186,5.46875
3187,4.8125
3188,5.96875
3189,5.0625
3190,4.46875
3191,6.8125
3192,4.625
3193,6.4375
3194,4.125
3195,5.0625
3196,5.59375
3197,4.875
3198,3.921875
3199,5.5625
3200,6.0
3201,4.53125
3202,5.84375
3203,5.90625
3204,4.71875
3205,6.09375
3206,6.0625
3207,4.09375
3208,4.09375
3209,6.21875
3210,4.3125
3211,4.40625
3212,4.9375
3213,6.03125
3214,5.21875
3215,5.84375
3216,5.0
3217,4.6875
3218,5.375
3219,6.09375
3220,3.984375
3221,5.15625
3222,4.0
3223,5.40625
3224,6.25
3225,5.4375
3226,3.84375
3227,3.71875
3228,5.25
3229,5.25
3230,5.03125
3231,5.34375
3232,6.03125
3233,5.28125
3234,4.84375
3235,5.59375
3236,5.1875
3237,5.5
3238,5.25
3239,6.03125
3240,3.34375
3241,5.09375
3242,5.28125
3243,6.4375
3244,6.46875
3245,6.375
3246,5.71875
3247,5.0625
3248,4.84375
3249,5.3125
3250,6.1875
3251,5.125
3252,5.34375
3253,4.1875
3254,6.0
3255,5.15625
3256,4.34375
3257,5.46875
3258,5.875
3259,4.9375
3260,5.40625
3261,5.125
3262,5.0625
3263,5.59375
3264,4.28125
3265,5.0
3266,6.59375
3267,4.96875
3268,6.125
3269,4.625
3270,4.90625
3271,6.3125
3272,5.28125
3273,5.5625
3274,6.1875
3275,4.53125
3276,5.59375
3277,4.875
3278,5.59375
3279,4.1875
3280,3.84375
3281,4.90625
3282,5.1875
3283,5.5625
3284,4.90625
3285,6.28125
3286,5.46875
3287,5.78125
3288,2.75
3289,4.46875
3290,5.53125
3291,4.96875
3292,4.5625
3293,4.8125
3294,3.640625
3295,4.375
3296,5.78125
3297,6.28125
3298,5.40625
3299,5.15625
3300,5.28125
3301,4.90625
3302,3.71875
3303,4.53125
3304,4.6875
3305,4.9375
3306,4.21875
3307,4.71875
3308,6.03125
3309,5.15625
3310,5.84375
3311,5.0
3312,5.09375
3313,4.65625
3314,5.9375
3315,6.0625
3316,6.6875
3317,4.59375
3318,5.71875
3319,5.8125
3320,4.8125
3321,6.3125
3322,6.90625
3323,5.3125
3324,6.59375
3325,6.03125
3326,4.8125
3327,5.0
3328,5.96875
3329,6.1875
3330,6.0625
3331,4.21875
3332,5.5
3333,6.21875
3334,5.8125
3335,5.90625
3336,5.65625
3337,6.15625
3338,5.46875
3339,5.28125
3340,5.65625
3341,6.28125
3342,5.1875
3343,6.4375
3344,6.28125
3345,3.390625
3346,5.8125
3347,4.34375
3348,3.890625
3349,3.84375
3350,5.78125
3351,4.9375
3352,5.28125
3353,4.84375
3354,6.03125
3355,3.71875
3356,4.40625
3357,6.125
3358,3.765625
3359,4.71875
3360,5.6875
3361,3.9375
3362,3.6875
3363,4.8125
3364,5.09375
3365,4.21875
3366,5.375
3367,3.921875
3368,7.03125
3369,4.90625
3370,5.4375
3371,3.796875
3372,5.40625
3373,5.1875
3374,4.75
3375,6.21875
3376,6.375
3377,3.703125
3378,3.703125
3379,4.78125
3380,4.84375
3381,5.84375
3382,5.6875
3383,5.25
3384,4.8125
3385,5.75
3386,5.1875
3387,3.5
3388,5.625
3389,5.125
3390,5.90625
3391,4.21875
3392,4.90625
3393,4.71875
3394,5.65625
3395,5.9375
3396,5.3125
3397,6.0625
3398,4.0
3399,5.78125
3400,6.1875
3401,6.25
3402,5.84375
3403,5.59375
3404,6.0
3405,6.9375
3406,3.46875
3407,4.15625
3408,6.0
3409,5.625
3410,4.375
3411,4.96875
3412,6.125
3413,4.5625
3414,4.15625
3415,4.4375
3416,5.28125
3417,4.875
3418,5.53125
3419,5.0
3420,5.34375
3421,3.9375
3422,5.71875
3423,5.3125
3424,4.5
3425,5.0
3426,6.1875
3427,5.0625
3428,3.625
3429,4.90625
3430,5.90625
3431,5.625
3432,5.15625
3433,5.96875
3434,5.40625
3435,5.09375
3436,5.28125
3437,4.5625
3438,5.1875
3439,3.84375
3440,5.84375
3441,4.28125
3442,5.90625
3443,5.46875
3444,5.40625
3445,6.71875
3446,5.78125
3447,4.9375
3448,5.59375
3449,3.375
3450,3.3125
3451,6.375
3452,4.25
3453,6.5
3454,5.6875
3455,6.21875
3456,6.65625
3457,4.375
3458,5.1875
3459,5.34375
3460,6.1875
3461,4.15625
3462,5.46875
3463,5.0
3464,4.9375
3465,4.21875
3466,4.46875
3467,5.6875
3468,3.703125
3469,5.59375
3470,5.59375
3471,5.28125
3472,5.90625
3473,5.25
3474,5.5625
3475,5.4375
3476,6.21875
3477,5.9375
3478,6.5
3479,4.34375
3480,4.4375
3481,6.78125
3482,5.46875
3483,2.984375
3484,5.46875
3485,5.21875
3486,5.75
3487,3.28125
3488,4.5625
3489,6.09375
3490,5.75
3491,4.0625
3492,5.625
3493,6.0
3494,5.5625
3495,5.15625
3496,5.78125
3497,4.625
3498,5.6875
3499,6.125
3500,3.734375
3501,5.53125
3502,5.90625
3503,5.34375
3504,6.125
3505,6.25
3506,5.625
3507,5.84375
3508,6.09375
3509,5.65625
3510,4.15625
3511,4.5
3512,6.15625
3513,6.40625
3514,5.59375
3515,4.03125
3516,4.375
3517,5.5625
3518,4.625
3519,3.75
3520,5.125
3521,6.09375
3522,4.09375
3523,3.53125
3524,4.625
3525,6.75
3526,5.40625
3527,5.78125
3528,3.3125
3529,6.03125
3530,6.15625
3531,5.8125
3532,5.53125
3533,5.625
3534,5.96875
3535,5.0
3536,4.0625
3537,5.125
3538,4.59375
3539,5.46875
3540,4.09375
3541,6.8125
3542,6.03125
3543,5.96875
3544,3.703125
3545,5.625
3546,5.34375
3547,3.78125
3548,6.34375
3549,6.25
3550,3.125
3551,5.71875
3552,5.3125
3553,6.34375
3554,4.8125
3555,3.84375
3556,5.59375
3557,4.34375
3558,4.875
3559,3.890625
3560,5.0
3561,6.3125
3562,4.75
3563,6.03125
3564,5.5625
3565,5.78125
3566,5.25
3567,6.0625
3568,4.90625
3569,3.84375
3570,5.40625
3571,5.0
3572,5.25
3573,5.75
3574,5.28125
3575,5.96875
3576,4.53125
3577,5.90625
3578,3.59375
3579,4.3125
3580,6.0
3581,4.65625
3582,5.5625
3583,3.890625
3584,6.5625
3585,6.15625
3586,5.1875
3587,6.15625
3588,6.15625
3589,5.125
3590,4.09375
3591,5.65625
3592,6.1875
3593,3.953125
3594,5.03125
3595,5.59375
3596,5.28125
3597,4.28125
3598,5.4375
3599,3.609375
3600,6.375
3601,4.875
3602,4.1875
3603,4.875
3604,4.75
3605,5.625
3606,4.5625
3607,6.0625
3608,4.4375
3609,4.46875
3610,3.71875
3611,6.0625
3612,5.71875
3613,5.625
3614,5.6875
3615,4.0
3616,6.53125
3617,5.28125
3618,6.09375
3619,4.0625
3620,4.8125
3621,5.5625
3622,3.453125
3623,5.625
3624,6.4375
3625,5.5
3626,5.9375
3627,4.34375
3628,4.90625
3629,5.59375
3630,6.21875
3631,5.875
3632,5.4375
3633,6.375
3634,5.96875
3635,3.765625
3636,5.125
3637,4.34375
3638,4.5
3639,4.75
3640,4.9375
3641,4.9375
3642,5.0625
3643,3.9375
3644,6.1875
3645,5.25
3646,5.28125
3647,4.03125
3648,3.84375
3649,4.65625
3650,5.375
3651,5.1875
3652,5.78125
3653,3.59375
3654,6.0
3655,3.765625
3656,6.15625
3657,5.75
3658,4.15625
3659,4.96875
3660,4.75
3661,6.15625
3662,5.1875
3663,4.0
3664,4.59375
3665,6.21875
3666,4.875
3667,5.59375
3668,4.96875
3669,6.03125
3670,6.9375
3671,4.46875
3672,4.4375
3673,6.5
3674,4.1875
3675,5.8125
3676,5.0
3677,4.21875
3678,6.4375
3679,5.40625
3680,5.46875
3681,5.5
3682,3.515625
3683,5.40625
3684,4.625
3685,6.25
3686,5.3125
3687,6.0625
3688,5.34375
3689,5.71875
3690,5.78125
3691,3.859375
3692,4.4375
3693,6.4375
3694,5.03125
3695,5.3125
3696,5.1875
3697,5.9375
3698,6.0625
3699,4.625
3700,5.09375
3701,6.15625
3702,3.71875
3703,5.71875
3704,6.25
3705,5.40625
3706,4.96875
3707,5.59375
3708,3.84375
3709,5.53125
3710,5.625
3711,4.90625
3712,5.1875
3713,5.8125
3714,5.8125
3715,5.6875
3716,6.46875
3717,5.9375
3718,4.78125
3719,5.625
3720,3.703125
3721,4.4375
3722,5.25
3723,5.125
3724,5.34375
3725,5.84375
3726,4.96875
3727,5.40625
3728,5.46875
3729,5.46875
3730,5.15625
3731,5.59375
3732,5.375
3733,5.46875
3734,5.6875
3735,5.53125
3736,5.59375
3737,4.75
3738,4.1875
3739,3.546875
3740,4.40625
3741,6.28125
3742,3.671875
3743,4.25
3744,5.75
3745,4.5
3746,5.1875
3747,4.25
3748,6.46875
3749,5.5625
3750,4.4375
3751,6.15625
3752,4.34375
3753,6.75
3754,5.625
3755,5.875
3756,5.0625
3757,6.09375
3758,4.1875
3759,5.28125
3760,5.46875
3761,4.0625
3762,5.25
3763,4.59375
3764,5.78125
3765,5.09375
3766,3.515625
3767,4.4375
3768,5.46875
3769,5.78125
3770,6.3125
3771,5.59375
3772,5.4375
3773,4.90625
3774,5.53125
3775,4.5
3776,6.25
3777,5.375
3778,6.78125
3779,3.859375
3780,5.15625
3781,6.21875
3782,5.28125
3783,4.65625
3784,5.21875
3785,3.828125
3786,5.625
3787,5.875
3788,6.0625
3789,5.5
3790,4.6875
3791,5.15625
3792,3.9375
3793,4.3125
3794,5.625
3795,5.5625
3796,5.28125
3797,6.1875
3798,5.40625
3799,4.375
3800,5.5625
3801,6.8125
3802,5.59375
3803,6.6875
3804,5.25
3805,6.34375
3806,2.78125
3807,4.34375
3808,5.03125
3809,6.03125
3810,5.9375
3811,4.75
3812,4.84375
3813,6.125
3814,5.03125
3815,5.40625
3816,5.8125
3817,4.78125
3818,4.375
3819,4.46875
3820,5.46875
3821,5.0
3822,4.9375
3823,6.125
3824,3.421875
3825,4.65625
3826,5.5
3827,5.40625
3828,3.953125
3829,4.0625
3830,6.25
3831,6.4375
3832,3.359375
3833,5.3125
3834,4.09375
3835,5.96875
3836,5.5625
3837,4.5
3838,3.828125
3839,4.625
3840,4.8125
3841,4.28125
3842,5.46875
3843,4.21875
3844,4.4375
3845,5.40625
3846,5.96875
3847,5.96875
3848,2.921875
3849,6.25
3850,6.0625
3851,6.09375
3852,5.90625
3853,3.90625
3854,4.6875
3855,4.1875
3856,4.6875
3857,5.5
3858,5.25
3859,5.78125
3860,5.40625
3861,5.71875
3862,5.5625
3863,4.4375
3864,6.5
3865,4.96875
3866,6.375
3867,6.21875
3868,5.9375
3869,4.28125
3870,3.578125
3871,5.40625
3872,4.71875
3873,6.5625
3874,5.375
3875,5.25
3876,6.6875
3877,6.0
3878,4.1875
3879,4.65625
3880,3.28125
3881,4.84375
3882,5.84375
3883,6.28125
3884,5.09375
3885,5.09375
3886,6.25
3887,4.625
3888,6.40625
3889,4.9375
3890,5.5625
3891,5.4375
3892,6.03125
3893,3.625
3894,3.421875
3895,5.28125
3896,4.03125
3897,6.15625
3898,5.125
3899,6.21875
3900,6.1875
3901,5.0625
3902,3.46875
3903,5.375
3904,6.125
3905,5.6875
3906,3.796875
3907,5.96875
3908,6.40625
3909,5.375
3910,4.53125
3911,5.96875
3912,5.71875
3913,6.1875
3914,5.03125
3915,4.46875
3916,5.96875
3917,3.9375
3918,4.5
3919,4.65625
3920,5.5625
3921,5.125
3922,3.953125
3923,5.4375
3924,6.90625
3925,4.15625
3926,6.09375
3927,5.28125
3928,5.0
3929,6.15625
3930,5.1875
3931,5.375
3932,5.40625
3933,6.1875
3934,6.375
3935,5.0625
3936,5.3125
3937,6.28125
3938,5.09375
3939,6.03125
3940,5.75
3941,4.84375
3942,4.3125
3943,3.90625
3944,3.328125
3945,6.03125
3946,5.09375
3947,4.6875
3948,5.3125
3949,4.375
3950,4.40625
3951,4.90625
3952,6.8125
3953,5.40625
3954,5.53125
3955,5.1875
3956,5.46875
3957,6.6875
3958,5.875
3959,6.375
3960,5.65625
3961,6.46875
3962,5.65625
3963,5.75
3964,3.71875
3965,5.59375
3966,5.40625
3967,4.28125
3968,4.25
3969,5.96875
3970,5.5
3971,4.5
3972,3.84375
3973,4.53125
3974,5.8125
3975,6.28125
3976,4.59375
3977,5.375
3978,4.90625
3979,5.15625
3980,3.546875
3981,4.09375
3982,5.5625
3983,5.0625
3984,5.34375
3985,6.0
3986,5.3125
3987,5.8125
3988,4.375
3989,4.5625
3990,4.28125
3991,3.28125
3992,4.96875
3993,5.875
3994,5.375
3995,6.09375
3996,4.9375
3997,3.734375
3998,4.90625
3999,5.375
4000,5.125
4001,6.125
4002,4.4375
4003,5.59375
4004,3.734375
4005,4.09375
4006,5.03125
4007,5.84375
4008,4.5625
4009,4.9375
4010,6.4375
4011,4.3125
4012,5.84375
4013,5.53125
4014,4.0
4015,6.40625
4016,4.90625
4017,6.78125
4018,4.4375
4019,5.375
4020,5.03125
4021,4.46875
4022,5.84375
4023,5.375
4024,4.0625
4025,4.625
4026,4.25
4027,5.40625
4028,5.40625
4029,4.65625
4030,6.53125
4031,5.9375
4032,6.125
4033,3.625
4034,5.46875
4035,6.46875
4036,5.125
4037,6.75
4038,4.6875
4039,5.53125
4040,4.625
4041,5.25
4042,6.03125
4043,5.0625
4044,5.21875
4045,5.0
4046,3.40625
4047,5.875
4048,5.8125
4049,5.5625
4050,4.75
4051,4.65625
4052,6.5
4053,6.3125
4054,6.125
4055,6.0
4056,5.8125
4057,5.8125
4058,5.15625
4059,5.21875
4060,5.25
4061,4.6875
4062,5.8125
4063,3.40625
4064,5.375
4065,3.921875
4066,4.40625
4067,4.84375
4068,5.71875
4069,6.0625
4070,4.3125
4071,6.1875
4072,4.40625
4073,3.953125
4074,4.71875
4075,5.59375
4076,4.28125
4077,4.28125
4078,4.28125
4079,5.4375
4080,5.96875
4081,6.21875
4082,5.0
4083,5.53125
4084,6.15625
4085,5.375
4086,4.5
4087,5.28125
4088,6.71875
4089,6.28125
4090,5.625
4091,5.28125
4092,6.6875
4093,6.5625
4094,4.375
4095,4.21875
4096,4.28125
4097,5.15625
4098,6.3125
4099,5.5
4100,5.09375
4101,5.40625
4102,6.03125
4103,4.03125
4104,4.21875
4105,5.875
4106,4.40625
4107,3.5
4108,5.84375
4109,5.28125
4110,4.78125
4111,3.296875
4112,4.0
4113,7.1875
4114,3.453125
4115,5.53125
4116,6.3125
4117,5.28125
4118,4.5625
4119,6.3125
4120,5.9375
4121,4.59375
4122,4.125
4123,4.1875
4124,4.5625
4125,5.09375
4126,4.875
4127,3.28125
4128,5.90625
4129,5.84375
4130,3.5625
4131,5.4375
4132,6.59375
4133,5.28125
4134,4.59375
4135,4.3125
4136,5.21875
4137,4.125
4138,5.8125
4139,6.0625
4140,4.5
4141,5.46875
4142,5.53125
4143,4.78125
4144,5.90625
4145,4.40625
4146,5.375
4147,5.84375
4148,5.78125
4149,4.25
4150,5.75
4151,4.5
4152,4.28125
4153,4.84375
4154,4.03125
4155,5.28125
4156,4.6875
4157,6.15625
4158,3.640625
4159,3.484375
4160,4.90625
4161,6.4375
4162,3.421875
4163,4.21875
4164,6.21875
4165,3.859375
4166,5.40625
4167,3.71875
4168,5.59375
4169,4.46875
4170,3.953125
4171,5.78125
4172,5.875
4173,5.40625
4174,5.40625
4175,4.34375
4176,5.46875
4177,4.9375
4178,3.78125
4179,4.75
4180,5.71875
4181,5.59375
4182,5.5
4183,5.4375
4184,5.875
4185,4.875
4186,4.59375
4187,4.0625
4188,6.09375
4189,5.875
4190,4.09375
4191,5.28125
4192,5.5
4193,6.4375
4194,5.34375
4195,5.46875
4196,6.03125
4197,5.6875
4198,5.03125
4199,4.1875
4200,5.875
4201,5.25
4202,4.65625
4203,5.65625
4204,5.375
4205,5.25
4206,3.109375
4207,5.0
4208,5.03125
4209,5.96875
4210,4.65625
4211,5.4375
4212,5.65625
4213,5.25
4214,5.25
4215,5.4375
4216,5.71875
4217,6.28125
4218,5.96875
4219,5.875
4220,5.65625
4221,5.3125
4222,3.796875
4223,5.03125
4224,6.1875
4225,5.6875
4226,4.34375
4227,3.84375
4228,6.5
4229,4.3125
4230,6.1875
4231,5.6875
4232,5.28125
4233,4.6875
4234,3.828125
4235,6.34375
4236,5.625
4237,3.78125
4238,4.28125
4239,6.0
4240,5.6875
4241,6.03125
4242,5.03125
4243,5.0
4244,3.859375
4245,5.75
4246,6.0
4247,5.96875
4248,4.3125
4249,4.84375
4250,4.46875
4251,5.96875
4252,6.3125
4253,5.8125
4254,5.53125
4255,4.96875
4256,5.09375
4257,6.5
4258,6.0
4259,5.53125
4260,4.90625
4261,6.78125
4262,5.15625
4263,4.4375
4264,3.421875
4265,6.46875
4266,5.96875
4267,5.84375
4268,5.09375
4269,5.46875
4270,4.375
4271,5.40625
4272,5.125
4273,6.5
4274,3.53125
4275,5.375
4276,6.4375
4277,5.375
4278,3.953125
4279,3.96875
4280,6.875
4281,5.90625
4282,3.625
4283,5.4375
4284,5.78125
4285,3.078125
4286,6.28125
4287,5.65625
4288,4.4375
4289,6.03125
4290,3.953125
4291,6.1875
4292,6.15625
4293,5.21875
4294,6.09375
4295,5.46875
4296,5.3125
4297,6.1875
4298,4.40625
4299,5.875
4300,6.5625
4301,6.65625
4302,5.96875
4303,6.0625
4304,3.34375
4305,6.0
4306,3.59375
4307,5.65625
4308,5.4375
4309,5.78125
4310,5.71875
4311,4.3125
4312,4.25
4313,5.5625
4314,4.8125
4315,4.75
4316,5.96875
4317,5.78125
4318,5.5
4319,4.34375
4320,4.96875
4321,5.09375
4322,4.59375
4323,5.71875
4324,6.71875
4325,5.40625
4326,5.1875
4327,5.5
4328,6.28125
4329,4.5
4330,5.4375
4331,5.78125
4332,4.09375
4333,5.6875
4334,5.90625
4335,5.65625
4336,4.84375
4337,4.34375
4338,6.125
4339,4.53125
4340,5.375
4341,6.125
4342,5.25
4343,5.9375
4344,4.75
4345,5.25
4346,4.75
4347,5.78125
4348,5.75
4349,5.46875
4350,5.1875
4351,6.625
4352,4.5625
4353,3.671875
4354,4.03125
4355,5.15625
4356,5.21875
4357,5.78125
4358,4.15625
4359,4.4375
4360,5.125
4361,3.875
4362,4.78125
4363,4.125
4364,3.046875
4365,5.8125
4366,3.953125
4367,4.28125
4368,5.75
4369,5.4375
4370,5.75
4371,6.125
4372,5.15625
4373,5.46875
4374,5.875
4375,6.03125
4376,3.5
4377,3.78125
4378,4.5
4379,5.25
4380,5.28125
4381,6.21875
4382,6.21875
4383,3.03125
4384,4.6875
4385,4.34375
4386,5.125
4387,4.34375
4388,5.1875
4389,4.6875
4390,5.03125
4391,5.4375
4392,4.1875
4393,4.46875
4394,5.65625
4395,5.4375
4396,5.25
4397,5.78125
4398,4.875
4399,6.0
4400,5.71875
4401,3.9375
4402,6.34375
4403,5.03125
4404,5.1875
4405,6.21875
4406,5.53125
4407,5.8125
4408,5.625
4409,4.875
4410,5.46875
4411,4.34375
4412,5.21875
4413,4.15625
4414,5.0
4415,5.84375
4416,3.8125
4417,5.15625
4418,5.65625
4419,5.40625
4420,6.03125
4421,3.78125
4422,5.3125
4423,6.21875
4424,5.21875
4425,5.0
4426,5.5625
4427,5.40625
4428,6.1875
4429,6.34375
4430,5.71875
4431,3.703125
4432,5.28125
4433,5.5
4434,5.09375
4435,4.625
4436,5.28125
4437,5.5625
4438,4.21875
4439,4.875
4440,6.15625
4441,5.625
4442,5.78125
4443,4.59375
4444,6.46875
4445,4.8125
4446,5.09375
4447,7.09375
4448,4.0625
4449,5.53125
4450,5.25
4451,4.40625
4452,4.03125
4453,5.59375
4454,3.640625
4455,4.78125
4456,6.46875
4457,4.375
4458,3.84375
4459,5.8125
4460,6.125
4461,3.828125
4462,6.1875
4463,4.875
4464,5.375
4465,6.25
4466,6.03125
4467,7.25
4468,4.46875
4469,5.71875
4470,5.84375
4471,6.6875
4472,3.53125
4473,5.90625
4474,5.5
4475,6.21875
4476,5.125
4477,5.25
4478,5.28125
4479,5.03125
4480,6.3125
4481,5.34375
4482,4.125
4483,5.78125
4484,5.5625
4485,4.21875
4486,6.78125
4487,5.40625
4488,4.3125
4489,4.9375
4490,5.96875
4491,3.5625
4492,4.65625
4493,4.875
4494,4.8125
4495,5.71875
4496,3.546875
4497,5.90625
4498,5.9375
4499,5.34375
4500,5.4375
4501,5.125
4502,5.4375
4503,5.75
4504,5.40625
4505,4.90625
4506,5.6875
4507,6.125
4508,6.0
4509,4.46875
4510,5.75
4511,5.53125
4512,4.28125
4513,5.4375
4514,4.0
4515,6.03125
4516,6.03125
4517,6.4375
4518,4.34375
4519,5.375
4520,4.25
4521,6.0
4522,5.3125
4523,5.28125
4524,4.5625
4525,5.9375
4526,6.34375
4527,4.21875
4528,5.75
4529,6.15625
4530,6.0625
4531,4.65625
4532,5.5625
4533,5.53125
4534,4.4375
4535,6.15625
4536,6.28125
4537,5.09375
4538,4.125
4539,5.875
4540,6.25
4541,5.9375
4542,6.5625
4543,4.28125
4544,5.78125
4545,4.78125
4546,5.9375
4547,5.4375
4548,6.09375
4549,5.34375
4550,3.671875
4551,5.1875
4552,6.0625
4553,3.984375
4554,5.5625
4555,5.15625
4556,5.21875
4557,6.25
4558,5.1875
4559,5.34375
4560,5.21875
4561,3.71875
4562,5.25
4563,6.09375
4564,5.65625
4565,7.1875
4566,6.9375
4567,5.40625
4568,5.21875
4569,4.3125
4570,4.21875
4571,5.6875
4572,5.21875
4573,4.5625
4574,5.96875
4575,5.9375
4576,5.9375
4577,5.0625
4578,5.40625
4579,6.84375
4580,5.84375
4581,5.78125
4582,4.78125
4583,6.46875
4584,6.09375
4585,6.1875
4586,3.671875
4587,5.71875
4588,3.734375
4589,6.125
4590,5.90625
4591,5.84375
4592,5.3125
4593,4.625
4594,5.1875
4595,4.96875
4596,5.09375
4597,6.71875
4598,5.40625
4599,4.25
4600,4.75
4601,5.75
4602,5.53125
4603,5.0625
4604,7.0625
4605,5.75
4606,6.65625
4607,5.03125
4608,6.5625
4609,4.5
4610,6.1875
4611,5.125
4612,5.09375
4613,6.34375
4614,3.515625
4615,4.3125
4616,4.75
4617,3.25
4618,5.1875
4619,5.0
4620,3.78125
4621,4.40625
4622,5.28125
4623,5.75
4624,6.34375
4625,5.46875
4626,5.4375
4627,5.90625
4628,6.46875
4629,4.8125
4630,5.90625
4631,5.0
4632,4.21875
4633,4.5
4634,6.28125
4635,5.65625
4636,4.125
4637,6.15625
4638,5.15625
4639,6.40625
4640,5.84375
4641,6.90625
4642,6.21875
4643,5.78125
4644,4.4375
4645,4.09375
4646,5.1875
4647,5.03125
4648,5.21875
4649,5.96875
4650,5.1875
4651,5.46875
4652,4.8125
4653,5.28125
4654,4.1875
4655,4.1875
4656,5.15625
4657,5.3125
4658,6.125
4659,5.5
4660,5.78125
4661,5.65625
4662,5.75
4663,4.6875
4664,4.4375
4665,5.40625
4666,6.21875
4667,4.625
4668,5.3125
4669,4.75
4670,5.75
4671,5.78125
4672,5.59375
4673,6.375
4674,4.8125
4675,4.15625
4676,6.71875
4677,4.875
4678,6.34375
4679,6.65625
4680,4.6875
4681,4.625
4682,5.46875
4683,5.21875
4684,4.75
4685,5.5
4686,5.5
4687,5.09375
4688,6.875
4689,4.78125
4690,3.6875
4691,5.90625
4692,5.96875
4693,5.65625
4694,5.4375
4695,5.625
4696,5.09375
4697,6.0
4698,5.5625
4699,5.3125
4700,4.40625
4701,5.46875
4702,4.625
4703,5.28125
4704,6.3125
4705,3.9375
4706,5.4375
4707,5.71875
4708,4.625
4709,4.28125
4710,5.46875
4711,5.4375
4712,5.1875
4713,5.875
4714,5.21875
4715,3.453125
4716,5.28125
4717,4.15625
4718,4.09375
4719,4.03125
4720,4.1875
4721,4.28125
4722,6.96875
4723,3.953125
4724,5.875
4725,4.96875
4726,5.34375
4727,5.40625
4728,6.15625
4729,4.8125
4730,5.96875
4731,5.3125
4732,3.78125
4733,5.25
4734,5.96875
4735,4.65625
4736,5.84375
4737,5.6875
4738,5.96875
4739,3.3125
4740,4.4375
4741,5.78125
4742,4.71875
4743,4.75
4744,4.28125
4745,4.1875
4746,5.25
4747,5.875
4748,5.6875
4749,5.28125
4750,5.5
4751,4.46875
4752,5.9375
4753,3.25
4754,5.40625
4755,3.78125
4756,5.875
4757,5.75
4758,4.96875
4759,3.96875
4760,6.46875
4761,3.5625
4762,5.46875
4763,3.78125
4764,4.78125
4765,6.96875
4766,6.375
4767,5.0
4768,3.359375
4769,4.34375
4770,6.15625
4771,5.15625
4772,5.40625
4773,3.671875
4774,6.15625
4775,6.09375
4776,6.90625
4777,4.4375
4778,4.78125
4779,4.40625
4780,4.65625
4781,5.625
4782,6.5625
4783,6.25
4784,5.75
4785,3.359375
4786,5.15625
4787,3.484375
4788,6.5
4789,5.8125
4790,5.84375
4791,5.65625
4792,5.78125
4793,4.15625
4794,5.40625
4795,4.96875
4796,4.5
4797,3.359375
4798,5.65625
4799,6.6875
4800,4.59375
4801,4.09375
4802,3.90625
4803,4.84375
4804,5.8125
4805,5.21875
4806,3.40625
4807,6.3125
4808,4.875
4809,5.1875
4810,5.4375
4811,5.375
4812,5.03125
4813,4.75
4814,6.1875
4815,5.71875
4816,5.65625
4817,5.71875
4818,5.875
4819,5.15625
4820,6.6875
4821,4.15625
4822,5.9375
4823,4.34375
4824,6.09375
4825,5.5
4826,4.125
4827,5.78125
4828,5.5625
4829,5.5
4830,4.9375
4831,5.125
4832,5.125
4833,5.9375
4834,4.28125
4835,5.3125
4836,4.3125
4837,4.59375
4838,5.625
4839,5.375
4840,5.53125
4841,6.25
4842,5.90625
4843,6.78125
4844,5.15625
4845,6.59375
4846,5.21875
4847,5.03125
4848,5.375
4849,4.8125
4850,5.21875
4851,3.59375
4852,3.765625
4853,4.6875
4854,4.9375
4855,5.5
4856,3.765625
4857,5.34375
4858,3.296875
4859,6.125
4860,5.125
4861,6.25
4862,5.03125
4863,5.9375
4864,4.75
4865,4.8125
4866,6.3125
4867,5.78125
4868,4.46875
4869,4.625
4870,5.75
4871,5.75
4872,5.28125
4873,5.78125
4874,4.9375
4875,5.15625
4876,3.15625
4877,3.71875
4878,3.609375
4879,3.78125
4880,5.9375
4881,5.75
4882,4.90625
4883,3.328125
4884,5.53125
4885,3.90625
4886,5.09375
4887,3.84375
4888,6.1875
4889,6.03125
4890,4.8125
4891,5.40625
4892,5.53125
4893,4.65625
4894,5.875
4895,5.21875
4896,4.8125
4897,6.03125
4898,5.40625
4899,4.6875
4900,6.03125
4901,5.96875
4902,6.0625
4903,5.875
4904,6.53125
4905,5.125
4906,3.59375
4907,6.25
4908,3.90625
4909,4.8125
4910,4.53125
4911,4.375
4912,3.40625
4913,3.828125
4914,3.84375
4915,4.59375
4916,5.71875
4917,5.21875
4918,5.25
4919,4.71875
4920,6.09375
4921,4.5
4922,5.46875
4923,3.765625
4924,5.40625
4925,6.15625
4926,5.1875
4927,6.375
4928,5.59375
4929,6.03125
4930,5.875
4931,4.0
4932,6.65625
4933,4.625
4934,5.09375
4935,5.75
4936,3.53125
4937,6.21875
4938,5.90625
4939,4.25
4940,5.09375
4941,6.375
4942,6.25
4943,3.734375
4944,4.40625
4945,5.40625
4946,5.4375
4947,5.53125
4948,5.9375
4949,5.53125
4950,6.03125
4951,5.03125
4952,5.53125
4953,6.28125
4954,5.59375
4955,5.65625
4956,6.40625
4957,5.46875
4958,4.15625
4959,5.84375
4960,4.34375
4961,4.875
4962,6.46875
4963,3.859375
4964,4.03125
4965,3.546875
4966,3.96875
4967,5.875
4968,5.3125
4969,5.53125
4970,3.84375
4971,4.5625
4972,4.40625
4973,4.09375
4974,3.90625
4975,5.1875
4976,5.46875
4977,6.03125
4978,5.15625
4979,5.78125
4980,4.09375
4981,4.53125
4982,4.21875
4983,4.75
4984,4.53125
4985,5.59375
4986,4.5
4987,6.53125
4988,5.1875
4989,5.84375
4990,5.75
4991,3.671875
4992,5.6875
4993,5.96875
4994,6.4375
4995,4.96875
4996,5.84375
4997,5.28125
4998,3.65625
4999,4.96875
5000,5.3125
5001,5.59375
5002,5.4375
5003,6.15625
5004,5.71875
5005,3.59375
5006,5.625
5007,5.0625
5008,5.875
5009,5.25
5010,4.75
5011,3.953125
5012,5.9375
5013,3.671875
5014,5.625
5015,5.375
5016,5.53125
5017,5.5625
5018,4.40625
5019,4.28125
5020,4.65625
5021,5.5625
5022,4.03125
5023,5.9375
5024,5.0625
5025,4.75
5026,3.5625
5027,5.25
5028,6.59375
5029,6.09375
5030,5.8125
5031,5.59375
5032,5.90625
5033,4.5
5034,3.09375
5035,4.5625
5036,4.25
5037,5.84375
5038,5.21875
5039,4.4375
5040,5.1875
5041,5.90625
5042,4.53125
5043,5.0625
5044,4.96875
5045,3.546875
5046,5.1875
5047,5.1875
5048,4.375
5049,5.5
5050,5.65625
5051,4.59375
5052,3.53125
5053,4.78125
5054,6.21875
5055,6.1875
5056,5.03125
5057,5.21875
5058,5.25
5059,4.03125
5060,5.625
5061,5.28125
5062,4.375
5063,4.96875
5064,4.46875
5065,5.3125
5066,4.71875
5067,3.421875
5068,4.84375
5069,5.875
5070,5.5625
5071,3.828125
5072,4.59375
5073,3.390625
5074,3.421875
5075,5.71875
5076,5.21875
5077,4.75
5078,6.46875
5079,5.46875
5080,4.375
5081,5.71875
5082,6.4375
5083,5.84375
5084,3.890625
5085,5.53125
5086,5.90625
5087,5.59375
5088,5.0625
5089,5.375
5090,4.125
5091,4.96875
5092,5.78125
5093,6.15625
5094,5.59375
5095,4.15625
5096,5.625
5097,4.09375
5098,4.5
5099,6.09375
5100,6.03125
5101,6.03125
5102,6.1875
5103,4.5
5104,6.15625
5105,3.40625
5106,5.875
5107,5.90625
5108,4.375
5109,5.53125
5110,4.09375
5111,4.21875
5112,5.5
5113,4.6875
5114,5.5625
5115,6.3125
5116,6.4375
5117,5.1875
5118,5.0625
5119,4.46875
5120,6.0
5121,3.5625
5122,3.828125
5123,4.90625
5124,5.65625
5125,5.125
5126,3.640625
5127,4.9375
5128,4.75
5129,6.03125
5130,5.84375
5131,4.875
5132,5.53125
5133,3.625
5134,5.21875
5135,4.4375
5136,3.71875
5137,5.125
5138,3.71875
5139,4.125
5140,3.78125
5141,5.9375
5142,5.09375
5143,3.421875
5144,4.5
5145,5.9375
5146,6.46875
5147,5.375
5148,5.53125
5149,5.65625
5150,5.40625
5151,4.21875
5152,5.46875
5153,5.8125
5154,6.40625
5155,5.59375
5156,6.5625
5157,4.21875
5158,5.46875
5159,5.09375
5160,5.46875
5161,5.09375
5162,5.34375
5163,5.34375
5164,5.125
5165,4.25
5166,5.71875
5167,4.78125
5168,5.53125
5169,6.15625
5170,3.28125
5171,4.34375
5172,5.46875
5173,5.0
5174,3.78125
5175,5.875
5176,5.90625
5177,5.3125
5178,5.1875
5179,4.0625
5180,5.53125
5181,5.0625
5182,4.90625
5183,5.40625
5184,3.125
5185,4.8125
5186,4.875
5187,6.34375
5188,5.875
5189,3.5
5190,5.3125
5191,5.875
5192,5.3125
5193,5.84375
5194,5.71875
5195,6.34375
5196,6.3125
5197,7.1875
5198,6.21875
5199,5.875
5200,4.34375
5201,4.8125
5202,5.28125
5203,5.0625
5204,4.9375
5205,6.40625
5206,6.125
5207,6.0
5208,4.65625
5209,4.90625
5210,6.09375
5211,5.78125
5212,3.203125
5213,4.34375
5214,5.0
5215,4.09375
5216,5.96875
5217,5.375
5218,5.46875
5219,5.28125
5220,4.5625
5221,6.65625
5222,4.09375
5223,6.0
5224,6.78125
5225,5.65625
5226,5.4375
5227,6.8125
5228,4.9375
5229,4.53125
5230,4.78125
5231,4.8125
5232,4.125
5233,5.6875
5234,5.71875
5235,6.03125
5236,5.46875
5237,4.4375
5238,3.59375
5239,5.8125
5240,5.125
5241,5.375
5242,4.25
5243,5.5625
5244,4.4375
5245,5.09375
5246,4.03125
5247,6.21875
5248,4.875
5249,3.375
5250,6.34375
5251,4.125
5252,5.0
5253,4.34375
5254,4.4375
5255,5.75
5256,3.734375
5257,5.0625
5258,5.3125
5259,4.59375
5260,6.0625
5261,4.625
5262,4.78125
5263,5.8125
5264,4.53125
5265,4.375
5266,4.53125
5267,5.6875
5268,4.25
5269,5.375
5270,4.25
5271,5.8125
5272,5.40625
5273,6.0
5274,5.15625
5275,4.65625
5276,5.03125
5277,6.25
5278,4.8125
5279,5.3125
5280,5.59375
5281,5.6875
5282,5.625
5283,7.03125
5284,5.46875
5285,5.78125
5286,3.265625
5287,5.28125
5288,4.90625
5289,5.53125
5290,6.25
5291,6.03125
5292,5.4375
5293,6.4375
5294,5.8125
5295,5.53125
5296,6.0625
5297,5.65625
5298,4.875
5299,6.09375
5300,4.6875
5301,5.40625
5302,4.90625
5303,5.6875
5304,4.40625
5305,3.3125
5306,5.90625
5307,3.859375
5308,3.953125
5309,6.125
5310,5.40625
5311,5.03125
5312,3.84375
5313,6.0
5314,6.28125
5315,5.9375
5316,6.15625
5317,4.09375
5318,5.71875
5319,5.0
5320,5.25
5321,6.53125
5322,6.1875
5323,6.0
5324,5.46875
5325,5.9375
5326,5.78125
5327,4.65625
5328,6.28125
5329,5.40625
5330,6.03125
5331,6.0625
5332,4.53125
5333,5.6875
5334,5.8125
5335,6.65625
5336,5.8125
5337,4.96875
5338,5.1875
5339,5.40625
5340,6.78125
5341,5.65625
5342,4.53125
5343,4.03125
5344,6.28125
5345,4.15625
5346,5.03125
5347,5.1875
5348,5.78125
5349,5.375
5350,4.25
5351,4.75
5352,5.84375
5353,5.6875
5354,5.65625
5355,4.28125
5356,5.0625
5357,6.09375
5358,5.34375
5359,6.21875
5360,5.1875
5361,5.46875
5362,5.90625
5363,3.375
5364,5.1875
5365,4.625
5366,3.375
5367,5.21875
5368,3.78125
5369,4.25
5370,4.5
5371,6.125
5372,3.625
5373,5.96875
5374,4.1875
5375,6.28125
5376,4.90625
5377,4.03125
5378,4.9375
5379,3.6875
5380,4.46875
5381,3.421875
5382,5.25
5383,6.0
5384,5.21875
5385,5.71875
5386,5.4375
5387,5.53125
5388,4.25
5389,6.28125
5390,3.890625
5391,6.0625
5392,5.53125
5393,4.75
5394,3.96875
5395,3.890625
5396,6.40625
5397,3.84375
5398,5.84375
5399,4.90625
5400,5.34375
5401,4.90625
5402,4.0625
5403,5.28125
5404,4.0
5405,4.6875
5406,4.375
5407,5.21875
5408,4.90625
5409,4.0
5410,5.5625
5411,5.21875
5412,4.96875
5413,4.75
5414,5.09375
5415,5.125
5416,4.21875
5417,5.4375
5418,5.0625
5419,5.28125
5420,5.09375
5421,5.84375
5422,5.15625
5423,5.4375
5424,5.71875
5425,4.34375
5426,4.375
5427,3.46875
5428,6.21875
5429,5.90625
5430,5.5
5431,5.375
5432,5.03125
5433,6.0
5434,5.65625
5435,4.09375
5436,4.21875
5437,3.4375
5438,4.59375
5439,5.875
5440,5.5
5441,6.21875
5442,5.25
5443,4.5
5444,4.78125
5445,4.84375
5446,4.53125
5447,5.96875
5448,6.21875
5449,5.59375
5450,5.8125
5451,4.3125
5452,4.875
5453,5.0
5454,6.0
5455,6.3125
5456,6.5625
5457,3.890625
5458,6.15625
5459,5.28125
5460,5.625
5461,4.90625
5462,5.5625
5463,5.625
5464,4.3125
5465,4.0
5466,6.71875
5467,3.46875
5468,4.28125
5469,4.875
5470,5.53125
5471,6.1875
5472,4.5
5473,3.796875
5474,5.71875
5475,4.40625
5476,5.75
5477,6.65625
5478,6.40625
5479,4.65625
5480,5.6875
5481,4.03125
5482,4.625
5483,5.5625
5484,5.84375
5485,6.1875
5486,5.6875
5487,5.28125
5488,5.6875
5489,6.5
5490,4.375
5491,4.4375
5492,5.03125
5493,4.9375
5494,5.9375
5495,3.875
5496,4.75
5497,4.9375
5498,4.65625
5499,6.125
5500,5.625
5501,4.75
5502,5.9375
5503,3.96875
5504,6.15625
5505,4.46875
5506,5.5
5507,5.9375
5508,5.9375
5509,6.5625
5510,4.3125
5511,3.9375
5512,5.34375
5513,5.5625
5514,5.03125
5515,4.40625
5516,6.21875
5517,5.1875
5518,5.125
5519,4.6875
5520,5.125
5521,5.96875
5522,4.25
5523,4.125
5524,5.4375
5525,5.40625
5526,5.96875
5527,6.25
5528,5.34375
5529,3.6875
5530,4.5625
5531,3.90625
5532,5.875
5533,3.765625
5534,6.3125
5535,6.125
5536,4.875
5537,5.03125
5538,5.96875
5539,5.5
5540,5.6875
5541,5.8125
5542,4.875
5543,4.125
5544,4.59375
5545,5.75
5546,5.15625
5547,6.0625
5548,5.65625
5549,3.9375
5550,5.8125
5551,6.03125
5552,4.40625
5553,5.25
5554,5.6875
5555,5.59375
5556,4.125
5557,5.21875
5558,5.15625
5559,5.4375
5560,5.53125
5561,4.21875
5562,4.875
5563,4.1875
5564,4.5
5565,5.1875
5566,6.6875
5567,6.0
5568,6.375
5569,5.34375
5570,5.4375
5571,5.9375
5572,5.0625
5573,5.5
5574,6.4375
5575,3.90625
5576,6.1875
5577,6.65625
5578,4.96875
5579,5.5625
5580,4.0625
5581,6.625
5582,5.15625
5583,5.5
5584,4.5625
5585,5.40625
5586,4.21875
5587,6.875
5588,3.875
5589,4.4375
5590,4.03125
5591,5.9375
5592,5.78125
5593,5.65625
5594,5.625
5595,5.65625
5596,4.5625
5597,4.90625
5598,5.28125
5599,6.25
5600,4.28125
5601,5.875
5602,4.09375
5603,4.5
5604,6.25
5605,6.59375
5606,5.375
5607,4.25
5608,5.65625
5609,5.0625
5610,5.3125
5611,3.703125
5612,5.875
5613,4.90625
5614,5.1875
5615,6.15625
5616,4.6875
5617,5.0625
5618,3.546875
5619,5.5
5620,4.875
5621,4.8125
5622,6.46875
5623,5.59375
5624,5.625
5625,4.0625
5626,4.75
5627,5.5
5628,6.90625
5629,3.28125
5630,3.921875
5631,6.3125
5632,6.25
5633,5.5625
5634,5.375
5635,4.03125
5636,5.28125
5637,6.71875
5638,5.71875
5639,5.53125
5640,5.5625
5641,5.78125
5642,5.21875
5643,3.59375
5644,5.75
5645,4.6875
5646,4.96875
5647,5.53125
5648,4.96875
5649,4.65625
5650,5.0
5651,4.59375
5652,5.125
5653,4.84375
5654,3.5625
5655,6.03125
5656,4.125
5657,5.8125
5658,6.21875
5659,4.3125
5660,4.25
5661,5.5625
5662,5.1875
5663,5.65625
5664,6.5
5665,6.1875
5666,5.90625
5667,4.90625
5668,6.25
5669,6.28125
5670,6.0625
5671,5.625
5672,6.0625
5673,5.90625
5674,6.25
5675,4.5625
5676,4.46875
5677,5.15625
5678,6.28125
5679,6.71875
5680,5.6875
5681,5.8125
5682,6.125
5683,6.46875
5684,5.71875
5685,5.21875
5686,4.90625
5687,5.28125
5688,4.53125
5689,4.875
5690,4.84375
5691,4.6875
5692,6.0625
5693,3.734375
5694,6.40625
5695,5.1875
5696,6.25
5697,5.5625
5698,5.46875
5699,5.25
5700,4.25
5701,4.71875
5702,4.59375
5703,6.78125
5704,6.1875
5705,4.0
5706,5.0
5707,4.3125
5708,5.96875
5709,4.71875
5710,4.5625
5711,6.625
5712,5.5625
5713,4.96875
5714,5.65625
5715,4.46875
5716,6.0
5717,4.78125
5718,6.34375
5719,4.25
5720,5.59375
5721,4.875
5722,5.1875
5723,6.25
5724,5.8125
5725,3.8125
5726,3.328125
5727,4.03125
5728,6.46875
5729,4.90625
5730,6.0
5731,5.3125
5732,4.84375
5733,6.84375
5734,6.1875
5735,5.5
5736,6.03125
5737,6.75
5738,6.0625
5739,5.8125
5740,6.0
5741,5.21875
5742,5.84375
5743,5.46875
5744,6.03125
5745,3.828125
5746,4.375
5747,4.21875
5748,5.40625
5749,5.0
5750,4.84375
5751,5.59375
5752,5.0625
5753,6.75
5754,4.5625
5755,5.0625
5756,5.59375
5757,5.34375
5758,3.90625
5759,5.46875
5760,5.5625
5761,3.734375
5762,3.96875
5763,5.1875
5764,5.78125
5765,6.5
5766,3.953125
5767,6.25
5768,5.46875
5769,4.8125
5770,3.984375
5771,4.8125
5772,5.5
5773,6.28125
5774,5.3125
5775,5.8125
5776,5.625
5777,4.28125
5778,5.65625
5779,5.25
5780,4.0
5781,5.1875
5782,5.34375
5783,3.5
5784,3.328125
5785,5.90625
5786,4.375
5787,4.34375
5788,5.46875
5789,4.5625
5790,4.6875
5791,5.15625
5792,4.3125
5793,5.25
5794,5.21875
5795,3.75
5796,5.28125
5797,5.6875
5798,5.25
5799,5.0
5800,5.53125
5801,3.90625
5802,6.53125
5803,5.5625
5804,6.6875
5805,5.375
5806,5.0
5807,6.3125
5808,4.0625
5809,5.0
5810,4.0
5811,5.8125
5812,5.375
5813,6.59375
5814,4.6875
5815,4.96875
5816,5.8125
5817,6.0
5818,6.21875
5819,4.78125
5820,3.609375
5821,4.28125
5822,4.5625
5823,5.46875
5824,4.625
5825,6.5625
5826,4.34375
5827,5.09375
5828,4.59375
5829,4.28125
5830,5.9375
5831,5.375
5832,5.15625
5833,5.78125
5834,5.28125
5835,6.09375
5836,6.09375
5837,5.0625
5838,6.96875
5839,3.234375
5840,4.375
5841,6.25
5842,5.84375
5843,4.59375
5844,6.03125
5845,6.09375
5846,5.78125
5847,5.34375
5848,4.28125
5849,4.78125
5850,5.96875
5851,5.75
5852,5.46875
5853,5.625
5854,4.96875
5855,4.5
5856,5.25
5857,4.75
5858,6.53125
5859,5.59375
5860,4.40625
5861,5.84375
5862,5.125
5863,4.3125
5864,4.0625
5865,6.09375
5866,5.28125
5867,4.28125
5868,3.921875
5869,4.875
5870,5.0625
5871,3.859375
5872,5.8125
5873,6.25
5874,5.25
5875,4.90625
5876,3.34375
5877,5.375
5878,4.84375
5879,5.6875
5880,6.5625
5881,4.3125
5882,4.96875
5883,4.75
5884,6.375
5885,6.34375
5886,5.375
5887,5.21875
5888,4.84375
5889,4.5625
5890,6.53125
5891,5.53125
5892,5.3125
5893,6.3125
5894,6.59375
5895,5.0625
5896,4.75
5897,5.40625
5898,5.46875
5899,4.34375
5900,5.3125
5901,5.5
5902,5.78125
5903,6.375
5904,3.359375
5905,3.234375
5906,3.640625
5907,4.125
5908,4.75
5909,4.1875
5910,6.3125
5911,5.78125
5912,6.375
5913,5.5625
5914,4.4375
5915,6.15625
5916,3.890625
5917,5.1875
5918,5.53125
5919,6.09375
5920,6.09375
5921,5.78125
5922,6.125
5923,5.78125
5924,5.59375
5925,5.25
5926,4.78125
5927,6.1875
5928,3.46875
5929,5.53125
5930,4.6875
5931,5.53125
5932,5.78125
5933,3.5625
5934,6.25
5935,5.03125
5936,5.9375
5937,5.625
5938,5.375
5939,5.65625
5940,5.25
5941,5.8125
5942,4.1875
5943,5.625
5944,4.5625
5945,4.9375
5946,4.6875
5947,4.625
5948,4.25
5949,5.5
5950,5.03125
5951,4.90625
5952,5.84375
5953,5.0625
5954,5.34375
5955,5.25
5956,5.65625
5957,5.375
5958,4.75
5959,4.75
5960,6.25
5961,5.25
5962,5.46875
5963,5.6875
5964,6.15625
5965,7.0
5966,5.0
5967,4.90625
5968,5.75
5969,4.5
5970,5.6875
5971,5.0
5972,5.46875
5973,6.28125
5974,5.09375
5975,4.5625
5976,5.8125
5977,5.59375
5978,5.9375
5979,3.65625
5980,5.9375
5981,3.84375
5982,5.875
5983,4.4375
5984,4.21875
5985,5.3125
5986,5.34375
5987,5.71875
5988,4.9375
5989,5.125
5990,5.84375
5991,5.75
5992,6.34375
5993,4.5
5994,6.1875
5995,3.59375
5996,3.640625
5997,5.6875
5998,4.03125
5999,4.0625
6000,3.5625
6001,4.78125
6002,4.6875
6003,5.53125
6004,4.375
6005,5.53125
6006,5.4375
6007,6.375
6008,3.625
6009,4.96875
6010,5.5
6011,6.0
6012,5.78125
6013,6.21875
6014,4.15625
6015,5.5
6016,5.5625
6017,4.4375
6018,4.78125
6019,4.9375
6020,5.0625
6021,5.0
6022,5.8125
6023,5.625
6024,5.46875
6025,4.84375
6026,5.34375
6027,4.40625
6028,4.4375
6029,5.71875
6030,6.09375
6031,6.375
6032,5.40625
6033,4.21875
6034,5.625
6035,5.78125
6036,5.875
6037,4.65625
6038,5.75
6039,3.90625
6040,4.1875
6041,5.34375
6042,6.0625
6043,4.78125
6044,6.375
6045,6.28125
6046,6.375
6047,5.5
6048,5.5625
6049,5.875
6050,6.375
6051,4.5
6052,5.375
6053,5.125
6054,5.34375
6055,3.84375
6056,4.8125
6057,5.6875
6058,5.78125
6059,5.875
6060,3.765625
6061,5.03125
6062,3.90625
6063,5.4375
6064,4.15625
6065,5.5
6066,4.1875
6067,4.71875
6068,5.375
6069,5.15625
6070,5.28125
6071,6.0625
6072,5.03125
6073,4.5625
6074,5.84375
6075,4.03125
6076,4.46875
6077,5.125
6078,5.15625
6079,5.125
6080,4.0625
6081,5.09375
6082,6.0625
6083,4.96875
6084,4.59375
6085,4.8125
6086,6.03125
6087,5.9375
6088,4.65625
6089,4.6875
6090,6.25
6091,4.6875
6092,6.5
6093,3.703125
6094,5.75
6095,5.9375
6096,4.53125
6097,5.125
6098,6.40625
6099,4.34375
6100,5.15625
6101,5.78125
6102,3.453125
6103,6.28125
6104,5.75
6105,6.0
6106,5.15625
6107,5.65625
6108,3.359375
6109,5.4375
6110,6.3125
6111,5.03125
6112,5.1875
6113,5.78125
6114,6.0
6115,6.125
6116,5.03125
6117,5.375
6118,5.84375
6119,6.0
6120,6.125
6121,5.78125
6122,4.625
6123,4.9375
6124,4.21875
6125,6.0
6126,6.09375
6127,3.09375
6128,5.65625
6129,6.25
6130,6.0625
6131,4.0
6132,3.78125
6133,5.53125
6134,4.75
6135,5.4375
6136,5.75
6137,3.296875
6138,5.1875
6139,5.34375
6140,4.28125
6141,5.9375
6142,4.6875
6143,4.65625
6144,6.1875
6145,4.28125
6146,5.15625
6147,6.1875
6148,4.21875
6149,4.59375
6150,5.5625
6151,3.21875
6152,5.84375
6153,4.6875
6154,4.78125
6155,5.09375
6156,5.125
6157,4.78125
6158,3.84375
6159,4.78125
6160,4.15625
6161,7.0
6162,6.375
6163,5.71875
6164,5.375
6165,6.59375
6166,5.8125
6167,5.84375
6168,5.125
6169,6.03125
6170,5.9375
6171,4.4375
6172,3.59375
6173,5.84375
6174,4.375
6175,4.5625
6176,5.71875
6177,5.15625
6178,5.125
6179,5.5
6180,3.6875
6181,4.25
6182,5.78125
6183,5.28125
6184,5.5625
6185,5.03125
6186,5.75
6187,3.609375
6188,5.15625
6189,4.15625
6190,3.765625
6191,6.0625
6192,5.5
6193,4.3125
6194,5.0
6195,5.9375
6196,5.875
6197,4.53125
6198,5.84375
6199,3.9375
6200,4.59375
6201,6.21875
6202,4.71875
6203,6.5625
6204,4.65625
6205,4.0
6206,4.6875
6207,5.25
6208,5.21875
6209,5.71875
6210,3.671875
6211,6.1875
6212,6.03125
6213,4.6875
6214,5.375
6215,5.71875
6216,5.65625
6217,4.75
6218,5.125
6219,4.59375
6220,4.53125
6221,4.0625
6222,5.34375
6223,4.96875
6224,5.09375
6225,6.125
6226,5.4375
6227,5.75
6228,3.421875
6229,5.6875
6230,5.15625
6231,4.84375
6232,4.1875
6233,5.875
6234,5.625
6235,6.5
6236,6.0
6237,4.1875
6238,5.59375
6239,5.15625
6240,3.71875
6241,4.5625
6242,5.96875
6243,6.59375
6244,5.71875
6245,5.59375
6246,5.8125
6247,4.78125
6248,4.53125
6249,3.734375
6250,4.75
6251,3.421875
6252,5.625
6253,4.21875
6254,4.46875
6255,4.25
6256,4.5625
6257,5.65625
6258,5.75
6259,3.328125
6260,5.25
6261,4.25
6262,5.59375
6263,5.4375
6264,5.3125
6265,6.0
6266,5.40625
6267,5.53125
6268,6.09375
6269,5.34375
6270,6.46875
6271,4.28125
6272,4.125
6273,5.46875
6274,6.25
6275,4.84375
6276,5.8125
6277,6.5
6278,5.34375
6279,5.40625
6280,5.78125
6281,5.3125
6282,4.0625
6283,4.59375
6284,5.4375
6285,5.84375
6286,5.59375
6287,4.71875
6288,4.65625
6289,5.4375
6290,3.0
6291,4.96875
6292,5.5625
6293,4.84375
6294,6.5625
6295,4.9375
6296,5.84375
6297,5.25
6298,5.5
6299,6.09375
6300,6.0
6301,6.28125
6302,5.71875
6303,4.0625
6304,5.875
6305,5.71875
6306,4.9375
6307,5.21875
6308,6.6875
6309,4.59375
6310,3.921875
6311,5.90625
6312,6.25
6313,5.59375
6314,5.15625
6315,4.53125
6316,4.34375
6317,4.4375
6318,5.375
6319,5.875
6320,5.59375
6321,4.0625
6322,5.28125
6323,5.96875
6324,6.09375
6325,5.59375
6326,5.0
6327,3.6875
6328,5.84375
6329,5.6875
6330,6.5625
6331,5.84375
6332,5.28125
6333,4.8125
6334,4.46875
6335,5.125
6336,5.78125
6337,4.21875
6338,5.65625
6339,5.03125
6340,4.96875
6341,6.25
6342,6.34375
6343,4.71875
6344,4.1875
6345,6.03125
6346,5.59375
6347,5.59375
6348,3.9375
6349,5.75
6350,4.1875
6351,5.09375
6352,4.28125
6353,3.84375
6354,5.21875
6355,6.0
6356,4.65625
6357,5.9375
6358,5.375
6359,5.5625
6360,5.84375
6361,4.90625
6362,3.8125
6363,5.25
6364,6.4375
6365,5.71875
6366,6.34375
6367,6.1875
6368,4.71875
6369,4.65625
6370,3.8125
6371,5.46875
6372,6.03125
6373,5.75
6374,4.59375
6375,6.40625
6376,6.375
6377,4.90625
6378,6.21875
6379,3.734375
6380,4.4375
6381,3.953125
6382,5.15625
6383,6.46875
6384,6.34375
6385,5.75
6386,5.75
6387,5.03125
6388,5.625
6389,6.15625
6390,5.59375
6391,5.375
6392,5.8125
6393,5.15625
6394,4.8125
6395,4.75
6396,6.125
6397,4.03125
6398,4.96875
6399,5.21875
6400,4.34375
6401,5.65625
6402,4.6875
6403,5.71875
6404,4.21875
6405,5.9375
6406,5.0
6407,4.59375
6408,4.46875
6409,5.96875
6410,6.4375
6411,5.59375
6412,4.84375
6413,6.625
6414,6.03125
6415,6.0625
6416,5.46875
6417,5.25
6418,5.59375
6419,4.9375
6420,3.859375
6421,4.5625
6422,5.09375
6423,5.53125
6424,5.0
6425,5.28125
6426,5.78125
6427,5.09375
6428,5.0
6429,6.1875
6430,4.875
6431,5.65625
6432,6.09375
6433,4.78125
6434,5.40625
6435,4.375
6436,5.375
6437,4.8125
6438,5.9375
6439,5.8125
6440,6.15625
6441,6.0625
6442,4.46875
6443,5.46875
6444,5.78125
6445,5.53125
6446,6.03125
6447,3.96875
6448,5.5
6449,3.984375
6450,5.75
6451,6.125
6452,3.984375
6453,4.59375
6454,4.90625
6455,5.0625
6456,6.6875
6457,4.5
6458,4.40625
6459,4.34375
6460,5.59375
6461,5.4375
6462,5.25
6463,4.75
6464,5.5
6465,4.40625
6466,5.53125
6467,4.71875
6468,4.75
6469,4.84375
6470,5.78125
6471,5.6875
6472,4.1875
6473,5.875
6474,6.375
6475,6.0625
6476,5.6875
6477,3.390625
6478,5.65625
6479,6.53125
6480,5.34375
6481,4.875
6482,3.765625
6483,5.34375
6484,5.71875
6485,5.375
6486,5.6875
6487,5.25
6488,6.625
6489,4.96875
6490,5.5
6491,5.25
6492,5.875
6493,6.46875
6494,5.8125
6495,3.828125
6496,5.4375
6497,4.34375
6498,6.25
6499,6.21875
6500,5.78125
6501,5.59375
6502,3.90625
6503,6.1875
6504,4.375
6505,5.90625
6506,5.09375
6507,6.5
6508,5.28125
6509,4.9375
6510,5.65625
6511,4.90625
6512,4.125
6513,4.0
6514,4.34375
6515,4.46875
6516,4.84375
6517,5.1875
6518,5.4375
6519,5.96875
6520,4.375
6521,5.59375
6522,5.375
6523,5.78125
6524,5.65625
6525,4.0625
6526,6.46875
6527,6.25
6528,3.03125
6529,3.28125
6530,4.75
6531,4.875
6532,4.53125
6533,5.5625
6534,6.15625
6535,3.90625
6536,7.0
6537,6.40625
6538,4.46875
6539,5.09375
6540,3.5
6541,3.734375
6542,5.09375
6543,4.75
6544,5.25
6545,4.5
6546,6.0
6547,4.625
6548,3.90625
6549,3.546875
6550,4.875
6551,6.3125
6552,5.875
6553,7.1875
6554,5.75
6555,4.3125
6556,5.0
6557,5.75
6558,4.40625
6559,3.90625
6560,5.71875
6561,4.5625
6562,5.0625
6563,5.5
6564,5.71875
6565,5.6875
6566,4.71875
6567,4.125
6568,4.34375
6569,5.5625
6570,5.5
6571,4.9375
6572,6.09375
6573,6.0
6574,5.625
6575,5.5625
6576,3.28125
6577,3.6875
6578,4.65625
6579,3.671875
6580,4.96875
6581,4.6875
6582,4.5
6583,5.75
6584,3.921875
6585,5.40625
6586,4.96875
6587,5.53125
6588,4.625
6589,4.28125
6590,3.28125
6591,5.96875
6592,5.59375
6593,4.21875
6594,4.9375
6595,5.6875
6596,4.1875
6597,5.125
6598,4.96875
6599,5.9375
6600,4.9375
6601,6.46875
6602,5.59375
6603,5.03125
6604,4.375
6605,3.796875
6606,5.1875
6607,5.65625
6608,6.6875
6609,6.0625
6610,5.0625
6611,4.40625
6612,5.75
6613,3.953125
6614,5.53125
6615,4.53125
6616,4.65625
6617,5.15625
6618,4.25
6619,5.65625
6620,6.15625
6621,5.5
6622,4.59375
6623,4.5
6624,6.28125
6625,6.65625
6626,5.03125
6627,5.6875
6628,5.3125
6629,3.1875
6630,6.46875
6631,6.6875
6632,3.984375
6633,5.375
6634,6.3125
6635,6.3125
6636,5.375
6637,4.125
6638,4.84375
6639,5.78125
6640,4.5
6641,6.59375
6642,6.21875
6643,5.34375
6644,6.0
6645,5.75
6646,3.9375
6647,5.0625
6648,5.40625
6649,6.03125
6650,4.6875
6651,7.4375
6652,3.9375
6653,6.03125
6654,5.40625
6655,5.59375
6656,4.40625
6657,5.03125
6658,6.46875
6659,5.6875
6660,5.46875
6661,3.390625
6662,5.875
6663,4.78125
6664,5.75
6665,5.9375
6666,4.46875
6667,5.6875
6668,5.0625
6669,5.75
6670,6.6875
6671,6.25
6672,5.625
6673,5.4375
6674,5.96875
6675,6.21875
6676,6.28125
6677,5.4375
6678,5.4375
6679,5.46875
6680,5.84375
6681,5.375
6682,6.3125
6683,5.53125
6684,5.0625
6685,4.21875
6686,4.4375
6687,5.21875
6688,5.34375
6689,3.59375
6690,4.96875
6691,4.4375
6692,6.25
6693,5.8125
6694,5.03125
6695,4.75
6696,4.28125
6697,6.25
6698,5.53125
6699,3.359375
6700,4.6875
6701,5.0625
6702,5.5625
6703,5.75
6704,4.96875
6705,5.5
6706,5.53125
6707,5.25
6708,5.0625
6709,5.9375
6710,5.8125
6711,5.3125
6712,5.125
6713,4.03125
6714,5.09375
6715,4.84375
6716,5.6875
6717,5.5
6718,4.25
6719,5.34375
6720,4.53125
6721,5.90625
6722,6.03125
6723,5.625
6724,5.6875
6725,6.9375
6726,4.59375
6727,5.6875
6728,5.28125
6729,6.65625
6730,5.25
6731,6.4375
6732,6.28125
6733,6.28125
6734,5.53125
6735,5.59375
6736,5.25
6737,6.0
6738,5.09375
6739,6.25
6740,5.5
6741,4.75
6742,5.9375
6743,6.125
6744,6.0625
6745,6.21875
6746,4.78125
6747,5.34375
6748,4.25
6749,3.890625
6750,4.3125
6751,4.8125
6752,5.8125
6753,3.546875
6754,3.546875
6755,4.96875
6756,3.296875
6757,6.34375
6758,4.625
6759,4.59375
6760,4.375
6761,6.1875
6762,5.25
6763,5.1875
6764,6.34375
6765,2.96875
6766,4.875
6767,5.46875
6768,4.09375
6769,5.21875
6770,5.1875
6771,2.859375
6772,5.4375
6773,5.0625
6774,4.96875
6775,3.96875
6776,6.0
6777,4.03125
6778,5.84375
6779,5.59375
6780,4.53125
6781,4.90625
6782,5.90625
6783,5.21875
6784,3.640625
6785,5.125
6786,4.9375
6787,5.53125
6788,4.46875
6789,3.0
6790,6.0
6791,6.125
6792,6.09375
6793,4.65625
6794,5.46875
6795,5.3125
6796,5.65625
6797,3.703125
6798,4.21875
6799,6.03125
6800,5.90625
6801,4.90625
6802,6.375
6803,6.625
6804,5.25
6805,6.40625
6806,4.4375
6807,6.65625
6808,5.4375
6809,3.328125
