step,train_loss
0,15.125
1,12.375
2,11.875
3,15.5625
4,13.625
5,15.375
6,17.25
7,17.25
8,14.3125
9,12.75
10,10.125
11,12.1875
12,15.375
13,15.0
14,14.875
15,14.875
16,19.375
17,14.6875
18,14.6875
19,18.75
20,17.0
21,12.625
22,17.75
23,8.25
24,11.3125
25,12.625
26,13.5
27,10.3125
28,15.3125
29,15.0
30,10.375
31,12.875
32,14.9375
33,11.875
34,16.125
35,12.1875
36,14.625
37,11.4375
38,14.875
39,13.5
40,14.75
41,13.75
42,12.75
43,18.75
44,13.875
45,13.4375
46,14.875
47,9.3125
48,16.75
49,12.25
50,10.25
51,14.625
52,12.125
53,11.0
54,14.6875
55,17.875
56,14.75
57,12.9375
58,14.75
59,15.375
60,16.625
61,12.0
62,15.375
63,14.8125
64,14.375
65,11.4375
66,12.875
67,13.375
68,14.5
69,14.0
70,15.875
71,12.0
72,12.0
73,12.125
74,10.5
75,14.4375
76,14.125
77,16.375
78,9.0625
79,14.5
80,14.875
81,11.0625
82,11.875
83,14.6875
84,14.125
85,14.375
86,16.75
87,13.75
88,16.5
89,16.875
90,11.0
91,11.625
92,11.5
93,12.75
94,17.5
95,15.5625
96,15.8125
97,15.125
98,15.125
99,17.5
100,12.5
101,11.8125
102,15.625
103,15.75
104,14.5
105,14.125
106,14.75
107,16.125
108,10.625
109,16.0
110,13.625
111,15.625
112,15.9375
113,14.375
114,18.75
115,16.625
116,14.25
117,15.0
118,17.0
119,14.5
120,10.0
121,14.5625
122,13.75
123,15.0
124,10.5
125,15.5
126,16.75
127,12.375
128,11.75
129,14.125
130,12.375
131,16.125
132,13.75
133,15.3125
134,13.9375
135,8.5
136,14.0
137,14.0625
138,18.5
139,16.875
140,15.375
141,12.0
142,11.4375
143,14.625
144,12.875
145,14.125
146,15.3125
147,12.25
148,11.1875
149,12.875
150,14.5
151,15.8125
152,14.25
153,14.125
154,15.5625
155,17.5
156,13.0625
157,13.0
158,15.875
159,13.125
160,9.75
161,12.5
162,17.25
163,14.5
164,12.0
165,14.4375
166,10.875
167,13.5
168,14.0
169,12.3125
170,14.625
171,11.75
172,12.0625
173,14.8125
174,13.0
175,11.875
176,10.375
177,13.375
178,15.1875
179,13.375
180,13.625
181,12.5
182,15.1875
183,16.5
184,12.5
185,10.4375
186,14.625
187,13.1875
188,10.0625
189,13.0
190,15.375
191,12.625
192,15.125
193,12.5
194,9.0
195,11.0
196,15.375
197,13.875
198,13.0
199,11.25
200,17.25
201,11.75
202,13.625
203,16.5
204,11.3125
205,13.1875
206,14.75
207,10.375
208,11.875
209,14.75
210,14.6875
211,16.0
212,10.9375
213,14.0
214,13.1875
215,13.75
216,11.875
217,17.75
218,15.375
219,13.0625
220,16.25
221,15.875
222,16.375
223,9.375
224,13.6875
225,9.625
226,8.8125
227,15.75
228,15.5
229,9.875
230,14.8125
231,8.0625
232,17.625
233,15.6875
234,11.875
235,14.25
236,11.25
237,13.75
238,14.625
239,11.25
240,14.375
241,14.0
242,10.5
243,11.375
244,10.0625
245,10.8125
246,15.0625
247,16.25
248,13.0
249,10.375
250,10.0
251,13.1875
252,12.0
253,11.875
254,12.375
255,9.8125
256,16.375
257,13.125
258,12.75
259,15.375
260,16.375
261,13.5
262,16.0
263,10.125
264,14.0
265,12.875
266,9.0625
267,13.75
268,11.5
269,10.75
270,13.0
271,10.0625
272,15.5
273,14.75
274,14.0
275,15.125
276,12.875
277,15.0
278,14.375
279,17.75
280,8.75
281,11.25
282,16.125
283,15.125
284,10.5
285,12.875
286,14.25
287,14.5625
288,9.75
289,13.75
290,13.75
291,13.25
292,16.25
293,14.375
294,14.4375
295,11.75
296,12.875
297,7.625
298,12.75
299,12.1875
300,12.875
301,12.625
302,13.125
303,17.375
304,10.875
305,10.625
306,17.125
307,13.0625
308,12.625
309,13.75
310,15.5625
311,11.5
312,14.75
313,12.1875
314,12.125
315,16.25
316,12.375
317,13.125
318,13.0
319,13.0
320,15.0
321,13.0
322,15.0
323,14.4375
324,11.25
325,14.625
326,11.5
327,13.375
328,14.125
329,14.75
330,10.125
331,11.75
332,15.625
333,16.25
334,9.5625
335,14.0
336,14.25
337,12.8125
338,15.75
339,17.25
340,11.375
341,11.5
342,17.125
343,15.25
344,11.0
345,12.6875
346,14.75
347,15.0
348,14.5
349,10.125
350,14.375
351,8.875
352,15.75
353,12.9375
354,16.375
355,13.875
356,13.0625
357,13.125
358,13.375
359,12.625
360,13.8125
361,17.5
362,15.4375
363,16.875
364,12.75
365,14.125
366,12.3125
367,13.125
368,10.4375
369,16.75
370,10.75
371,13.0
372,10.5
373,14.6875
374,13.0625
375,15.75
376,15.75
377,14.625
378,17.5
379,16.25
380,11.375
381,13.125
382,15.375
383,12.5625
384,16.0
385,15.4375
386,11.3125
387,14.4375
388,13.375
389,13.4375
390,12.5625
391,12.0
392,14.75
393,16.875
394,14.875
395,14.0625
396,13.625
397,13.5
398,15.125
399,12.25
400,17.25
401,10.625
402,10.6875
403,13.5625
404,16.5
405,16.0
406,16.0
407,17.75
408,13.5
409,13.75
410,8.875
411,10.625
412,15.75
413,14.8125
414,9.375
415,10.875
416,11.375
417,13.9375
418,8.3125
419,11.9375
420,15.125
421,11.5
422,14.25
423,10.75
424,12.8125
425,17.25
426,14.5
427,14.125
428,12.25
429,15.875
430,15.75
431,12.5625
432,12.0625
433,10.5625
434,14.5
435,14.75
436,13.875
437,9.3125
438,15.875
439,16.125
440,15.0625
441,11.5
442,9.5
443,14.3125
444,13.25
445,14.9375
446,16.25
447,10.625
448,17.25
449,16.0
450,12.3125
451,13.75
452,14.375
453,14.625
454,15.25
455,14.875
456,14.0625
457,13.25
458,14.0
459,11.875
460,9.625
461,10.875
462,18.25
463,15.5
464,11.25
465,14.3125
466,10.25
467,14.75
468,12.0
469,11.125
470,17.125
471,14.375
472,13.875
473,16.875
474,13.5
475,12.125
476,12.625
477,13.4375
478,10.25
479,15.625
480,11.75
481,16.875
482,11.375
483,15.75
484,10.1875
485,13.625
486,11.9375
487,15.75
488,12.0
489,15.25
490,15.375
491,13.75
492,17.0
493,16.25
494,10.8125
495,11.375
496,16.0
497,17.0
498,12.625
499,13.125
500,14.625
501,16.375
502,14.75
503,12.0
504,14.875
505,16.5
506,11.5
507,14.875
508,17.375
509,14.25
510,11.5
511,11.375
512,11.875
513,13.875
514,16.75
515,12.3125
516,12.0625
517,10.5625
518,10.25
519,16.25
520,12.8125
521,13.0
522,10.75
523,10.5
524,14.5625
525,13.25
526,13.0
527,11.875
528,16.25
529,14.5
530,14.25
531,15.125
532,13.875
533,20.75
534,13.125
535,14.9375
536,13.5
537,14.0
538,12.5
539,12.75
540,12.5
541,16.375
542,11.3125
543,12.875
544,12.3125
545,11.0
546,9.5
547,14.875
548,10.125
549,14.1875
550,17.25
551,15.625
552,9.5
553,14.5625
554,15.375
555,12.375
556,11.875
557,14.125
558,20.75
559,13.9375
560,13.375
561,14.9375
562,16.25
563,15.125
564,15.625
565,15.375
566,11.75
567,14.9375
568,12.0
569,10.0
570,18.0
571,12.5
572,9.375
573,16.5
574,13.5625
575,14.75
576,14.25
577,14.375
578,15.625
579,12.25
580,13.25
581,9.875
582,14.375
583,12.25
584,12.875
585,13.4375
586,14.75
587,12.0
588,12.0
589,12.3125
590,14.625
591,14.0
592,14.5
593,15.25
594,16.625
595,15.25
596,18.125
597,11.75
598,8.3125
599,15.125
600,13.625
601,12.75
602,16.25
603,13.25
604,16.375
605,15.5
606,16.25
607,12.1875
608,13.0
609,10.75
610,11.5
611,16.25
612,15.4375
613,14.6875
614,12.9375
615,17.75
616,16.375
617,14.125
618,14.5
619,11.125
620,12.375
621,13.875
622,12.5
623,13.0
624,11.375
625,13.125
626,14.125
627,14.375
628,15.0
629,13.25
630,13.25
631,17.5
632,13.875
633,14.625
634,13.125
635,9.5625
636,12.75
637,16.75
638,13.125
639,9.75
640,12.75
641,15.375
642,14.5
643,9.4375
644,12.375
645,15.25
646,13.375
647,11.4375
648,15.5
649,15.125
650,13.625
651,13.625
652,14.4375
653,13.375
654,11.625
655,12.875
656,12.0
657,9.125
658,15.0
659,15.875
660,13.875
661,12.625
662,10.75
663,10.5
664,13.8125
665,10.75
666,16.125
667,14.125
668,14.75
669,15.1875
670,14.375
671,10.6875
672,14.5
673,14.0
674,13.4375
675,12.375
676,15.375
677,8.25
678,14.0625
679,15.25
680,10.375
681,11.625
682,13.125
683,14.625
684,18.875
685,14.875
686,13.375
687,13.125
688,16.125
689,15.9375
690,15.875
691,12.25
692,15.75
693,13.5
694,14.75
695,13.0625
696,18.0
697,15.8125
698,11.75
699,14.1875
700,17.0
701,12.625
702,10.75
703,15.1875
704,14.125
705,12.75
706,13.9375
707,15.875
708,15.375
709,12.75
710,14.375
711,14.75
712,14.5
713,14.125
714,14.0625
715,10.6875
716,11.9375
717,12.0625
718,15.9375
719,15.125
720,15.4375
721,19.0
722,13.5
723,13.375
724,15.875
725,15.25
726,14.25
727,14.4375
728,15.25
729,9.625
730,11.875
731,15.25
732,13.625
733,12.625
734,12.125
735,12.1875
736,9.8125
737,17.75
738,17.125
739,11.6875
740,14.625
741,15.625
742,12.25
743,12.5
744,11.375
745,14.25
746,13.9375
747,11.0
748,7.96875
749,14.125
750,12.6875
751,12.375
752,15.375
753,14.375
754,16.125
755,13.5
756,10.3125
757,9.25
758,14.0
759,8.375
760,17.0
761,15.8125
762,16.25
763,15.25
764,15.625
765,11.75
766,13.375
767,13.75
768,15.875
769,14.4375
770,13.875
771,15.75
772,12.0
773,15.875
774,16.25
775,15.3125
776,17.25
777,14.125
778,16.0
779,14.875
780,14.0625
781,11.0
782,18.375
783,11.9375
784,10.875
785,13.3125
786,11.5
787,13.875
788,9.875
789,11.5
790,13.3125
791,14.0
792,12.5
793,9.0
794,12.1875
795,15.375
796,12.5625
797,14.75
798,16.25
799,11.375
800,15.125
801,11.125
802,13.25
803,14.75
804,17.5
805,16.875
806,12.8125
807,13.9375
808,16.875
809,7.71875
810,15.25
811,15.5
812,12.0625
813,9.8125
814,15.0
815,10.625
816,12.75
817,14.625
818,13.5
819,16.25
820,18.625
821,9.8125
822,18.625
823,14.9375
824,14.0625
825,15.375
826,16.75
827,14.875
828,17.375
829,11.8125
830,10.0
831,14.9375
832,14.75
833,13.625
834,13.75
835,11.5
836,10.625
837,11.125
838,15.75
839,14.75
840,15.4375
841,14.75
842,15.0
843,16.625
844,14.5
845,15.0625
846,12.125
847,13.6875
848,13.625
849,12.9375
850,16.75
851,13.0625
852,8.875
853,14.4375
854,15.5
855,14.8125
856,15.25
857,14.625
858,15.25
859,15.25
860,17.75
861,16.375
862,16.25
863,11.25
864,13.25
865,13.3125
866,9.6875
867,11.25
868,15.5
869,14.75
870,10.4375
871,10.5
872,14.875
873,11.75
874,15.125
875,13.5
876,14.5
877,10.6875
878,13.3125
879,15.9375
880,12.875
881,9.0625
882,11.375
883,14.125
884,13.5
885,10.375
886,14.25
887,15.875
888,13.25
889,11.625
890,12.6875
891,8.0
892,12.375
893,13.25
894,10.75
895,14.0
896,17.0
897,13.625
898,15.5
899,11.3125
900,11.75
901,13.25
902,13.6875
903,14.0
904,17.5
905,15.6875
906,11.8125
907,12.125
908,10.6875
909,13.0
910,15.25
911,13.75
912,11.25
913,13.6875
914,12.0
915,12.375
916,15.75
917,12.5
918,11.9375
919,14.5
920,10.75
921,9.625
922,16.5
923,12.875
924,10.125
925,10.875
926,15.375
927,13.125
928,17.0
929,9.75
930,11.5
931,16.0
932,14.0
933,8.8125
934,14.625
935,15.375
936,15.875
937,13.125
938,10.625
939,14.375
940,13.625
941,13.5
942,15.125
943,13.5
944,12.6875
945,11.5625
946,9.5
947,12.75
948,11.75
949,13.9375
950,12.25
951,16.0
952,10.875
953,13.375
954,16.125
955,14.5
956,12.9375
957,14.0
958,11.625
959,13.5625
960,11.125
961,12.375
962,16.875
963,15.5
964,13.5
965,14.375
966,12.8125
967,11.0
968,11.4375
969,13.5
970,14.0
971,11.75
972,17.5
973,15.875
974,14.125
975,11.375
976,15.3125
977,13.9375
978,15.625
979,18.25
980,16.875
981,9.625
982,10.0
983,15.8125
984,13.3125
985,11.5625
986,15.25
987,13.0
988,12.8125
989,13.5625
990,14.8125
991,14.625
992,14.5
993,15.3125
994,15.0
995,18.0
996,14.625
997,13.4375
998,12.5
999,15.625
1000,15.125
1001,14.125
1002,15.0
1003,13.4375
1004,10.875
1005,16.75
1006,12.375
1007,15.6875
1008,9.6875
1009,18.125
1010,9.1875
1011,15.25
1012,12.375
1013,15.125
1014,18.25
1015,15.375
1016,13.5
1017,13.3125
1018,14.375
1019,10.75
1020,10.75
1021,12.375
1022,15.5
1023,15.1875
1024,11.375
1025,11.25
1026,12.5
1027,10.5
1028,12.4375
1029,10.8125
1030,11.875
1031,13.0
1032,16.25
1033,10.8125
1034,13.8125
1035,12.9375
1036,12.75
1037,12.375
1038,13.875
1039,13.375
1040,14.25
1041,11.875
1042,11.625
1043,11.875
1044,16.25
1045,9.9375
1046,13.125
1047,16.125
1048,14.4375
1049,10.5625
1050,9.875
1051,13.0
1052,15.0
1053,10.5
1054,11.75
1055,13.625
1056,14.875
1057,10.3125
1058,10.125
1059,16.125
1060,10.75
1061,15.0
1062,14.0625
1063,15.75
1064,8.9375
1065,14.8125
1066,14.125
1067,14.0
1068,14.625
1069,11.25
1070,14.625
1071,12.875
1072,13.25
1073,11.0
1074,10.375
1075,12.25
1076,12.6875
1077,17.75
1078,13.5
1079,14.875
1080,13.875
1081,12.875
1082,12.4375
1083,14.625
1084,11.0
1085,12.25
1086,14.5
1087,13.25
1088,13.875
1089,12.8125
1090,14.625
1091,14.625
1092,8.375
1093,12.8125
1094,14.375
1095,14.5625
1096,18.125
1097,9.0
1098,16.375
1099,16.875
1100,13.6875
1101,14.625
1102,14.25
1103,12.75
1104,11.125
1105,11.25
1106,13.375
1107,13.875
1108,14.0
1109,15.375
1110,17.0
1111,11.25
1112,16.125
1113,10.75
1114,14.75
1115,14.875
1116,14.125
1117,14.125
1118,11.25
1119,13.625
1120,11.125
1121,11.25
1122,15.125
1123,14.625
1124,15.0
1125,14.8125
1126,14.25
1127,13.75
1128,13.0
1129,15.375
1130,10.625
1131,15.25
1132,12.875
1133,13.6875
1134,15.125
1135,12.625
1136,14.0625
1137,16.25
1138,7.21875
1139,13.625
1140,12.875
1141,15.5625
1142,11.625
1143,12.375
1144,12.625
1145,14.9375
1146,13.75
1147,9.25
1148,13.1875
1149,12.125
1150,13.125
1151,10.375
1152,12.375
1153,13.875
1154,12.375
1155,8.625
1156,15.1875
1157,14.25
1158,13.9375
1159,15.125
1160,13.125
1161,10.625
1162,14.8125
1163,17.375
1164,15.3125
1165,14.25
1166,15.4375
1167,12.5
1168,9.6875
1169,15.0
1170,11.8125
1171,10.4375
1172,16.375
1173,11.6875
1174,14.875
1175,11.125
1176,14.125
1177,12.9375
1178,14.375
1179,11.5
1180,17.0
1181,12.625
1182,15.5
1183,14.5
1184,15.75
1185,12.125
1186,12.25
1187,15.125
1188,15.4375
1189,15.0
1190,15.125
1191,12.75
1192,9.375
1193,14.625
1194,12.0625
1195,16.5
1196,14.875
1197,15.875
1198,14.875
1199,17.5
1200,14.4375
1201,12.375
1202,14.1875
1203,13.375
1204,15.625
1205,14.75
1206,14.5
1207,13.125
1208,11.0
1209,14.125
1210,14.125
1211,11.75
1212,14.25
1213,14.875
1214,12.875
1215,17.0
1216,14.5
1217,14.3125
1218,16.375
1219,14.875
1220,12.75
1221,10.5
1222,12.625
1223,15.125
1224,9.1875
1225,11.8125
1226,14.875
1227,12.875
1228,16.125
1229,11.5
1230,13.6875
1231,11.8125
1232,13.5
1233,11.75
1234,13.875
1235,14.25
1236,13.8125
1237,12.375
1238,12.3125
1239,13.625
1240,9.3125
1241,12.625
1242,15.6875
1243,9.875
1244,14.0
1245,10.625
1246,13.8125
1247,10.75
1248,13.75
1249,14.25
1250,14.0625
1251,12.125
1252,15.625
1253,14.625
1254,12.75
1255,13.625
1256,13.8125
1257,10.0625
1258,13.75
1259,10.375
1260,14.0
1261,12.25
1262,16.125
1263,14.125
1264,11.125
1265,12.5
1266,15.875
1267,14.125
1268,12.25
1269,14.3125
1270,10.5
1271,15.9375
1272,13.5
1273,13.0
1274,14.0
1275,9.625
1276,11.75
1277,11.875
1278,11.25
1279,14.25
1280,13.25
1281,14.625
1282,11.0625
1283,16.75
1284,14.25
1285,13.0625
1286,11.8125
1287,12.0
1288,13.6875
1289,9.375
1290,9.0625
1291,12.375
1292,14.0625
1293,14.1875
1294,9.75
1295,13.3125
1296,11.5
1297,14.125
1298,10.0
1299,10.5
1300,10.875
1301,12.5
1302,13.6875
1303,14.4375
1304,10.625
1305,12.625
1306,16.125
1307,12.6875
1308,12.6875
1309,12.125
1310,16.875
1311,13.75
1312,12.8125
1313,10.125
1314,15.5
1315,14.375
1316,14.375
1317,17.0
1318,12.125
1319,10.75
1320,9.75
1321,14.125
1322,12.8125
1323,15.125
1324,14.8125
1325,15.25
1326,13.8125
1327,12.5
1328,14.5
1329,14.5
1330,13.875
1331,16.75
1332,17.125
1333,11.3125
1334,14.5
1335,11.5
1336,9.875
1337,15.5
1338,11.3125
1339,13.625
1340,13.625
1341,14.3125
1342,9.75
1343,11.5
1344,12.875
1345,12.75
1346,17.75
1347,14.625
1348,15.875
1349,14.5
1350,15.875
1351,15.25
1352,10.5
1353,15.5
1354,11.625
1355,16.875
1356,12.5
1357,14.4375
1358,11.125
1359,12.25
1360,13.875
1361,12.375
1362,12.625
1363,12.125
1364,13.875
1365,15.0
1366,13.4375
1367,14.875
1368,12.5
1369,12.4375
1370,10.9375
1371,12.75
1372,10.625
1373,13.5
1374,13.625
1375,13.875
1376,13.75
1377,11.25
1378,12.1875
1379,10.25
1380,11.0
1381,18.375
1382,13.1875
1383,14.875
1384,9.1875
1385,13.5625
1386,10.0
1387,11.0625
1388,16.75
1389,15.125
1390,15.375
1391,11.875
1392,14.125
1393,13.125
1394,15.9375
1395,14.0
1396,9.5
1397,13.875
1398,12.375
1399,13.0
1400,14.75
1401,13.5
1402,11.625
1403,10.0
1404,10.1875
1405,15.4375
1406,14.125
1407,14.75
1408,14.625
1409,13.0
1410,12.375
1411,14.8125
1412,10.25
1413,13.1875
1414,13.75
1415,12.125
1416,17.25
1417,11.25
1418,14.0
1419,14.375
1420,13.4375
1421,12.125
1422,11.25
1423,10.875
1424,10.5
1425,15.0
1426,12.4375
1427,11.1875
1428,12.1875
1429,14.875
1430,14.625
1431,12.75
1432,12.0
1433,14.25
1434,15.5
1435,14.875
1436,13.5625
1437,12.4375
1438,15.125
1439,14.875
1440,13.6875
1441,12.875
1442,15.75
1443,11.9375
1444,13.75
1445,13.125
1446,12.875
1447,10.75
1448,9.75
1449,12.375
1450,12.5
1451,13.75
1452,13.6875
1453,13.8125
1454,13.125
1455,10.75
1456,12.125
1457,9.75
1458,11.625
1459,9.375
1460,15.25
1461,14.25
1462,11.75
1463,14.0
1464,13.6875
1465,12.75
1466,15.75
1467,9.875
1468,10.6875
1469,15.125
1470,18.125
1471,15.4375
1472,14.3125
1473,14.125
1474,13.625
1475,17.25
1476,13.8125
1477,14.625
1478,14.0
1479,14.5
1480,12.0
1481,14.5625
1482,13.9375
1483,14.875
1484,13.25
1485,10.75
1486,11.0625
1487,11.3125
1488,11.625
1489,14.375
1490,10.75
1491,14.5
1492,13.3125
1493,12.0
1494,14.375
1495,13.875
1496,12.875
1497,12.5
1498,12.75
1499,11.1875
1500,15.9375
1501,14.25
1502,11.25
1503,14.625
1504,14.8125
1505,12.5
1506,11.25
1507,12.9375
1508,10.375
1509,12.0
1510,13.375
1511,14.4375
1512,15.5
1513,14.4375
1514,14.9375
1515,12.9375
1516,12.625
1517,14.375
1518,15.375
1519,12.875
1520,13.75
1521,15.125
1522,16.625
1523,11.375
1524,12.5625
1525,13.5
1526,14.875
1527,14.75
1528,13.5
1529,15.375
1530,11.125
1531,10.625
1532,13.3125
1533,13.0625
1534,13.375
1535,15.0
1536,15.5
1537,14.0
1538,14.375
1539,15.0
1540,10.875
1541,13.125
1542,16.5
1543,13.8125
1544,12.25
1545,11.875
1546,11.9375
1547,13.875
1548,13.0
1549,14.1875
1550,13.0
1551,13.875
1552,13.0625
1553,13.0625
1554,13.875
1555,13.375
1556,9.8125
1557,13.75
1558,13.5625
1559,13.625
1560,12.625
1561,14.375
1562,14.625
1563,14.6875
1564,14.25
1565,16.0
1566,12.5
1567,12.75
1568,14.375
1569,12.5
1570,14.75
1571,12.0625
1572,10.375
1573,9.6875
1574,16.125
1575,14.125
1576,11.0
1577,13.0
1578,13.75
1579,14.5
1580,13.4375
1581,13.3125
1582,14.125
1583,15.75
1584,11.0
1585,13.75
1586,12.1875
1587,14.625
1588,12.25
1589,15.375
1590,13.125
1591,12.25
1592,9.4375
1593,16.75
1594,13.875
1595,13.25
1596,14.875
1597,11.5625
1598,12.875
1599,11.5625
1600,14.875
1601,15.75
1602,14.0
1603,10.6875
1604,13.9375
1605,12.875
1606,10.5
1607,13.375
1608,12.5
1609,13.625
1610,11.875
1611,12.0
1612,13.875
1613,13.0
1614,12.0625
1615,10.25
1616,13.0
1617,9.1875
1618,14.3125
1619,15.0625
1620,10.75
1621,9.625
1622,12.125
1623,9.75
1624,13.875
1625,9.5
1626,12.75
1627,13.5625
1628,12.875
1629,14.125
1630,16.125
1631,13.75
1632,13.0
1633,16.75
1634,12.125
1635,13.25
1636,10.4375
1637,13.375
1638,13.75
1639,11.75
1640,8.0625
1641,13.875
1642,11.125
1643,10.4375
1644,10.125
1645,10.625
1646,9.25
1647,18.0
1648,12.125
1649,15.125
1650,13.625
1651,14.625
1652,11.5
1653,10.9375
1654,14.25
1655,11.9375
1656,14.4375
1657,12.375
1658,16.625
1659,15.75
1660,12.25
1661,15.875
1662,9.875
1663,14.0625
1664,14.625
1665,11.5
1666,14.0
1667,15.25
1668,13.4375
1669,13.5
1670,11.3125
1671,12.875
1672,12.625
1673,14.1875
1674,9.8125
1675,9.9375
1676,9.6875
1677,9.375
1678,11.4375
1679,14.6875
1680,9.125
1681,12.125
1682,12.375
1683,13.0
1684,14.6875
1685,13.5
1686,12.5625
1687,12.5
1688,15.0625
1689,10.75
1690,14.9375
1691,11.5625
1692,13.875
1693,15.0
1694,10.75
1695,12.375
1696,10.9375
1697,12.25
1698,12.625
1699,9.25
1700,13.5
1701,11.75
1702,12.375
1703,13.9375
1704,11.75
1705,12.875
1706,13.9375
1707,14.25
1708,13.25
1709,11.25
1710,15.4375
1711,10.375
1712,10.75
1713,14.4375
1714,10.875
1715,12.8125
1716,11.75
1717,12.125
1718,13.25
1719,11.25
1720,12.375
1721,9.125
1722,10.125
1723,13.125
1724,13.0
1725,13.375
1726,10.5
1727,12.8125
1728,13.125
1729,11.0
1730,9.5
1731,9.875
1732,14.3125
1733,12.0
1734,17.0
1735,9.625
1736,12.0
1737,15.75
1738,14.25
1739,15.5625
1740,10.9375
1741,13.25
1742,11.0625
1743,11.8125
1744,14.25
1745,12.75
1746,12.5625
1747,9.9375
1748,13.125
1749,9.0625
1750,11.5
1751,11.8125
1752,12.125
1753,14.375
1754,10.75
1755,11.0
1756,8.3125
1757,13.6875
1758,12.75
1759,10.875
1760,13.1875
1761,15.25
1762,12.75
1763,9.375
1764,14.875
1765,10.25
1766,16.625
1767,10.125
1768,13.125
1769,15.625
1770,13.375
1771,10.6875
1772,11.6875
1773,10.875
1774,10.75
1775,9.4375
1776,10.75
1777,12.375
1778,14.625
1779,16.75
1780,13.1875
1781,10.5
1782,13.8125
1783,13.0
1784,11.75
1785,8.625
1786,10.375
1787,10.875
1788,14.8125
1789,12.5
1790,14.3125
1791,14.375
1792,12.125
1793,14.4375
1794,7.90625
1795,9.375
1796,14.25
1797,13.0
1798,8.25
1799,15.0
1800,14.0
1801,11.875
1802,10.75
1803,11.125
1804,11.0
1805,11.5
1806,13.625
1807,10.875
1808,13.125
1809,10.4375
1810,14.0
1811,13.625
1812,11.625
1813,13.5625
1814,13.75
1815,10.5
1816,9.5
1817,13.5
1818,12.625
1819,10.0625
1820,10.75
1821,12.5
1822,10.3125
1823,11.875
1824,11.0
1825,11.125
1826,11.25
1827,13.125
1828,12.8125
1829,11.25
1830,15.0625
1831,11.375
1832,15.75
1833,9.375
1834,9.625
1835,11.75
1836,12.0
1837,13.75
1838,13.25
1839,9.9375
1840,13.375
1841,13.125
1842,11.375
1843,12.625
1844,12.6875
1845,11.9375
1846,12.25
1847,13.5625
1848,12.75
1849,12.25
1850,15.125
1851,12.3125
1852,8.1875
1853,13.0625
1854,11.125
1855,10.25
1856,12.875
1857,12.75
1858,13.5
1859,10.6875
1860,12.875
1861,8.0
1862,11.75
1863,9.3125
1864,12.625
1865,13.4375
1866,11.875
1867,13.25
1868,12.4375
1869,11.5
1870,10.6875
1871,12.75
1872,14.0625
1873,15.25
1874,12.9375
1875,10.875
1876,12.25
1877,11.5625
1878,10.875
1879,9.75
1880,9.5625
1881,11.8125
1882,14.25
1883,12.9375
1884,13.5
1885,10.75
1886,12.5
1887,10.3125
1888,12.125
1889,11.0
1890,13.5625
1891,11.6875
1892,10.125
1893,13.3125
1894,13.5
1895,14.375
1896,9.125
1897,8.5
1898,13.4375
1899,10.5
1900,11.9375
1901,13.125
1902,12.5
1903,13.875
1904,11.9375
1905,12.875
1906,13.125
1907,13.0
1908,14.4375
1909,9.75
1910,13.8125
1911,12.25
1912,14.625
1913,13.125
1914,12.875
1915,14.9375
1916,11.375
1917,9.5625
1918,14.0
1919,14.125
1920,8.5625
1921,11.9375
1922,14.0625
1923,9.25
1924,10.1875
1925,10.875
1926,13.1875
1927,15.375
1928,13.75
1929,13.25
1930,13.625
1931,11.8125
1932,14.3125
1933,8.8125
1934,12.625
1935,14.125
1936,15.5
1937,12.625
1938,12.125
1939,11.5
1940,11.0
1941,13.5
1942,11.75
1943,13.375
1944,13.25
1945,11.375
1946,13.75
1947,13.375
1948,10.125
1949,10.125
1950,8.875
1951,12.125
1952,10.9375
1953,13.125
1954,9.125
1955,11.0
1956,10.625
1957,8.875
1958,12.875
1959,10.9375
1960,13.875
1961,12.4375
1962,10.1875
1963,11.5
1964,11.0
1965,13.25
1966,12.6875
1967,12.625
1968,10.5
1969,10.5
1970,13.25
1971,11.25
1972,13.25
1973,12.0
1974,12.625
1975,13.625
1976,11.875
1977,11.0
1978,12.625
1979,10.25
1980,13.375
1981,10.75
1982,12.625
1983,15.125
1984,11.5
1985,12.5625
1986,12.125
1987,8.9375
1988,11.0
1989,12.5625
1990,11.375
1991,13.9375
1992,8.125
1993,13.125
1994,12.0
1995,13.5625
1996,12.25
1997,14.4375
1998,9.5625
1999,13.0625
2000,12.6875
2001,14.25
2002,12.125
2003,11.375
2004,8.75
2005,11.6875
2006,11.0
2007,12.875
2008,12.125
2009,11.6875
2010,11.875
2011,11.8125
2012,14.625
2013,14.625
2014,12.75
2015,8.9375
2016,7.15625
2017,15.0625
2018,12.9375
2019,10.0
2020,12.75
2021,13.3125
2022,14.4375
2023,14.9375
2024,12.1875
2025,10.375
2026,12.4375
2027,14.25
2028,11.0625
2029,9.125
2030,12.875
2031,7.625
2032,11.625
2033,17.25
2034,12.125
2035,12.625
2036,11.6875
2037,12.375
2038,12.6875
2039,11.75
2040,12.875
2041,10.6875
2042,11.0
2043,12.0625
2044,16.0
2045,12.5
2046,13.25
2047,11.3125
2048,12.5
2049,13.5
2050,12.0
2051,11.6875
2052,15.25
2053,10.125
2054,13.8125
2055,10.25
2056,9.75
2057,9.625
2058,11.1875
2059,10.25
2060,10.4375
2061,11.0
2062,9.3125
2063,10.0625
2064,13.5625
2065,14.375
2066,12.625
2067,12.25
2068,11.25
2069,9.1875
2070,14.25
2071,12.5
2072,11.875
2073,10.3125
2074,14.5625
2075,13.875
2076,12.625
2077,11.4375
2078,8.5
2079,10.125
2080,11.875
2081,13.125
2082,9.5625
2083,11.9375
2084,13.375
2085,13.0
2086,12.1875
2087,8.75
2088,15.5
2089,14.875
2090,11.5
2091,12.125
2092,14.25
2093,13.5
2094,11.875
2095,14.375
2096,12.625
2097,14.875
2098,12.0
2099,10.0
2100,11.25
2101,12.875
2102,13.625
2103,13.375
2104,13.875
2105,11.625
2106,13.125
2107,11.625
2108,15.375
2109,14.625
2110,10.9375
2111,8.9375
2112,11.0
2113,13.4375
2114,13.125
2115,13.875
2116,8.875
2117,12.375
2118,11.75
2119,9.0
2120,13.6875
2121,13.75
2122,11.9375
2123,10.1875
2124,9.25
2125,14.5
2126,12.875
2127,12.8125
2128,11.875
2129,14.0
2130,10.75
2131,12.875
2132,12.375
2133,12.75
2134,11.75
2135,11.6875
2136,11.1875
2137,10.8125
2138,13.6875
2139,13.0
2140,13.75
2141,12.125
2142,12.3125
2143,12.125
2144,11.625
2145,12.125
2146,7.6875
2147,8.9375
2148,8.5
2149,14.25
2150,11.125
2151,14.125
2152,15.0
2153,9.125
2154,10.0
2155,11.0
2156,10.875
2157,10.625
2158,12.125
2159,12.75
2160,10.6875
2161,9.75
2162,12.5
2163,12.625
2164,13.0
2165,13.0
2166,10.0
2167,12.8125
2168,14.875
2169,14.875
2170,12.375
2171,11.1875
2172,13.875
2173,11.5
2174,8.6875
2175,11.875
2176,10.25
2177,10.0
2178,14.625
2179,12.9375
2180,11.5
2181,13.0
2182,11.25
2183,11.875
2184,12.1875
2185,13.3125
2186,13.375
2187,8.25
2188,15.5
2189,12.125
2190,9.125
2191,10.875
2192,13.875
2193,10.0
2194,12.625
2195,9.5625
2196,11.625
2197,9.875
2198,11.8125
2199,11.0
2200,12.25
2201,12.25
2202,13.25
2203,12.75
2204,13.5
2205,14.125
2206,11.9375
2207,10.4375
2208,14.5625
2209,12.375
2210,15.5
2211,12.0625
2212,9.4375
2213,11.625
2214,11.8125
2215,9.75
2216,11.875
2217,11.9375
2218,10.625
2219,11.6875
2220,10.0
2221,12.8125
2222,13.0
2223,11.375
2224,12.25
2225,13.0
2226,14.0
2227,9.75
2228,10.375
2229,9.25
2230,9.9375
2231,12.375
2232,12.9375
2233,14.5
2234,12.25
2235,9.5
2236,14.25
2237,10.5
2238,13.375
2239,11.5625
2240,12.1875
2241,8.375
2242,9.0
2243,10.0
2244,9.875
2245,13.5
2246,9.625
2247,15.25
2248,12.125
2249,11.125
2250,12.5
2251,10.25
2252,13.0
2253,10.875
2254,11.125
2255,10.5
2256,15.25
2257,12.5625
2258,11.0
2259,12.5
2260,12.125
2261,12.5
2262,9.125
2263,9.625
2264,14.375
2265,12.125
2266,13.8125
2267,12.9375
2268,14.625
2269,11.25
2270,13.125
2271,11.0625
2272,11.3125
2273,14.125
2274,13.9375
2275,14.4375
2276,10.625
2277,9.875
2278,10.0
2279,12.625
2280,11.75
2281,11.5
2282,8.625
2283,10.375
2284,11.875
2285,13.0
2286,9.3125
2287,13.875
2288,12.8125
2289,10.375
2290,8.5625
2291,9.75
2292,13.4375
2293,11.875
2294,10.1875
2295,11.125
2296,9.375
2297,14.0
2298,12.125
2299,9.9375
2300,11.375
2301,12.3125
2302,12.625
2303,12.5
2304,10.25
2305,15.5
2306,11.625
2307,14.875
2308,10.5625
2309,11.125
2310,11.5625
2311,14.375
2312,12.5
2313,8.75
2314,11.875
2315,13.1875
2316,11.625
2317,11.25
2318,10.875
2319,12.5
2320,12.5
2321,13.5
2322,13.375
2323,12.375
2324,14.625
2325,11.5
2326,10.75
2327,9.6875
2328,13.9375
2329,13.4375
2330,14.1875
2331,11.4375
2332,11.875
2333,10.9375
2334,12.5
2335,12.0
2336,11.875
2337,12.1875
2338,8.625
2339,10.875
2340,13.25
2341,10.125
2342,8.5625
2343,10.875
2344,11.125
2345,12.625
2346,9.75
2347,9.25
2348,11.625
2349,13.5
2350,10.0
2351,10.1875
2352,12.75
2353,12.1875
2354,14.5
2355,11.625
2356,13.125
2357,11.5
2358,12.75
2359,11.5
2360,10.375
2361,12.1875
2362,14.125
2363,9.6875
2364,10.4375
2365,12.8125
2366,9.125
2367,11.5
2368,10.875
2369,10.75
2370,10.8125
2371,10.875
2372,10.875
2373,10.875
2374,15.25
2375,11.0
2376,10.25
2377,12.6875
2378,12.0625
2379,11.5
2380,8.625
2381,10.9375
2382,10.75
2383,11.0625
2384,13.375
2385,12.1875
2386,10.125
2387,14.375
2388,10.25
2389,12.125
2390,12.0
2391,10.625
2392,10.5
2393,14.0
2394,12.6875
2395,11.125
2396,9.5
2397,13.0625
2398,11.5
2399,12.625
2400,11.1875
2401,9.25
2402,8.5625
2403,11.5
2404,11.6875
2405,11.0
2406,13.0625
2407,12.125
2408,13.8125
2409,13.625
2410,11.75
2411,12.0
2412,12.4375
2413,14.25
2414,12.0
2415,9.8125
2416,12.25
2417,9.875
2418,13.25
2419,14.0625
2420,10.0
2421,12.75
2422,10.25
2423,9.125
2424,13.375
2425,12.25
2426,10.375
2427,13.375
2428,15.875
2429,12.875
2430,13.25
2431,10.9375
2432,11.375
2433,9.9375
2434,12.8125
2435,13.875
2436,11.375
2437,12.5
2438,9.875
2439,11.5
2440,13.125
2441,9.6875
2442,12.25
2443,11.8125
2444,10.125
2445,7.84375
2446,9.875
2447,14.875
2448,13.5
2449,11.875
2450,11.375
2451,12.25
2452,12.375
2453,10.875
2454,11.4375
2455,9.625
2456,11.75
2457,11.6875
2458,10.875
2459,9.5
2460,9.4375
2461,10.0625
2462,11.75
2463,12.625
2464,14.375
2465,9.625
2466,9.375
2467,12.75
2468,14.5
2469,10.375
2470,13.25
2471,11.125
2472,12.375
2473,12.5625
2474,11.5
2475,10.125
2476,11.125
2477,10.25
2478,14.125
2479,13.375
2480,12.5
2481,10.625
2482,12.375
2483,11.75
2484,10.4375
2485,12.6875
2486,11.375
2487,11.875
2488,12.125
2489,7.6875
2490,13.5
2491,14.75
2492,11.375
2493,9.4375
2494,12.125
2495,14.6875
2496,11.25
2497,12.75
2498,13.75
2499,10.3125
2500,9.875
2501,9.625
2502,14.3125
2503,12.25
2504,11.75
2505,11.625
2506,11.25
2507,9.25
2508,12.375
2509,9.875
2510,13.5
2511,10.875
2512,15.0
2513,12.8125
2514,9.4375
2515,10.125
2516,12.875
2517,11.5
2518,12.75
2519,13.0
2520,9.75
2521,12.75
2522,9.0
2523,10.5
2524,8.375
2525,12.25
2526,11.75
2527,10.0
2528,12.5
2529,7.875
2530,12.25
2531,12.625
2532,11.75
2533,11.875
2534,12.25
2535,12.875
2536,11.4375
2537,9.0
2538,11.625
2539,12.375
2540,12.125
2541,9.125
2542,8.125
2543,12.375
2544,12.0
2545,10.125
2546,13.125
2547,12.0
2548,9.25
2549,10.375
2550,9.375
2551,12.25
2552,10.75
2553,9.25
2554,9.25
2555,10.4375
2556,12.25
2557,13.0
2558,10.0
2559,9.8125
2560,9.0625
2561,10.875
2562,12.6875
2563,11.375
2564,12.375
2565,11.5
2566,10.875
2567,8.5
2568,14.0625
2569,12.0
2570,10.25
2571,9.75
2572,13.0
2573,9.1875
2574,13.0
2575,11.375
2576,12.4375
2577,8.875
2578,12.5625
2579,11.875
2580,10.125
2581,10.4375
2582,11.125
2583,13.0625
2584,12.5
2585,12.125
2586,12.0
2587,13.5
2588,10.0
2589,10.8125
2590,9.0
2591,11.125
2592,12.4375
2593,9.625
2594,11.875
2595,9.625
2596,11.625
2597,14.5
2598,11.375
2599,12.75
2600,12.25
2601,11.625
2602,11.625
2603,8.5625
2604,10.875
2605,13.5
2606,11.0625
2607,13.625
2608,9.875
2609,11.6875
2610,10.3125
2611,8.4375
2612,10.8125
2613,11.6875
2614,14.0
2615,12.0
2616,14.25
2617,10.25
2618,12.875
2619,12.875
2620,12.0
2621,13.3125
2622,11.25
2623,11.875
2624,9.375
2625,11.5625
2626,10.625
2627,11.1875
2628,12.625
2629,9.0625
2630,10.25
2631,12.5
2632,9.25
2633,11.75
2634,12.625
2635,9.5
2636,12.75
2637,14.9375
2638,13.25
2639,10.75
2640,11.3125
2641,10.0625
2642,14.25
2643,12.4375
2644,12.625
2645,10.375
2646,12.9375
2647,10.5625
2648,11.75
2649,12.125
2650,12.0
2651,11.75
2652,9.4375
2653,14.25
2654,12.375
2655,10.6875
2656,13.75
2657,11.125
2658,8.25
2659,9.75
2660,12.1875
2661,8.125
2662,8.875
2663,12.5
2664,10.375
2665,14.1875
2666,14.75
2667,11.625
2668,9.3125
2669,10.625
2670,10.0
2671,13.0
2672,11.125
2673,9.25
2674,11.625
2675,8.875
2676,10.625
2677,10.75
2678,11.875
2679,10.4375
2680,13.75
2681,14.25
2682,12.375
2683,11.375
2684,9.75
2685,14.375
2686,11.25
2687,9.0
2688,13.25
2689,9.375
2690,11.0
2691,9.5
2692,11.8125
2693,10.375
2694,11.75
2695,9.25
2696,9.75
2697,10.4375
2698,9.8125
2699,12.625
2700,10.625
2701,12.25
2702,9.625
2703,9.0625
2704,12.125
2705,11.625
2706,8.625
2707,11.75
2708,10.125
2709,10.125
2710,9.25
2711,10.0
2712,11.0
2713,13.75
2714,9.5625
2715,13.6875
2716,9.0
2717,16.375
2718,13.5
2719,10.75
2720,8.3125
2721,11.625
2722,11.0625
2723,10.5
2724,10.875
2725,12.125
2726,11.5625
2727,11.375
2728,9.9375
2729,10.0
2730,14.75
2731,12.375
2732,8.0
2733,11.8125
2734,12.0
2735,11.5
2736,13.5
2737,12.875
2738,14.1875
2739,12.375
2740,9.8125
2741,9.25
2742,8.875
2743,10.5625
2744,12.9375
2745,11.625
2746,10.875
2747,10.375
2748,10.1875
2749,11.0
2750,13.1875
2751,14.25
2752,8.75
2753,10.5
2754,13.5
2755,7.40625
2756,9.625
2757,9.0
2758,10.625
2759,12.1875
2760,12.75
2761,8.125
2762,9.5
2763,11.375
2764,10.75
2765,12.0
2766,11.625
2767,9.875
2768,11.125
2769,9.375
2770,9.125
2771,10.125
2772,9.5625
2773,13.0
2774,13.125
2775,9.875
2776,9.4375
2777,11.5
2778,9.0625
2779,13.125
2780,9.875
2781,15.0
2782,10.6875
2783,11.75
2784,8.75
2785,10.375
2786,10.1875
2787,14.25
2788,8.6875
2789,10.8125
2790,11.375
2791,14.125
2792,11.6875
2793,12.0
2794,8.6875
2795,13.125
2796,10.375
2797,14.5
2798,11.8125
2799,11.5625
2800,13.25
2801,13.25
2802,10.5
2803,11.875
2804,11.625
2805,9.125
2806,10.5
2807,11.375
2808,7.5
2809,11.8125
2810,10.875
2811,11.9375
2812,13.625
2813,12.75
2814,9.875
2815,8.125
2816,11.375
2817,11.25
2818,9.625
2819,10.75
2820,8.125
2821,9.75
2822,15.375
2823,13.25
2824,8.875
2825,13.75
2826,9.875
2827,13.3125
2828,12.0625
2829,11.625
2830,10.125
2831,11.4375
2832,14.0
2833,11.25
2834,13.3125
2835,11.5
2836,12.0
2837,8.0625
2838,11.25
2839,10.625
2840,10.6875
2841,11.875
2842,11.875
2843,8.875
2844,12.0
2845,11.75
2846,13.4375
2847,13.625
2848,11.625
2849,10.0
2850,13.375
2851,11.6875
2852,8.75
2853,11.5
2854,9.75
2855,15.25
2856,12.375
2857,11.3125
2858,13.0
2859,11.125
2860,12.0625
2861,11.5
2862,8.5
2863,13.0
2864,12.875
2865,11.5625
2866,11.25
2867,12.125
2868,14.5
2869,11.125
2870,8.0625
2871,12.125
2872,12.5
2873,12.25
2874,11.75
2875,11.875
2876,11.6875
2877,13.875
2878,11.25
2879,13.375
2880,11.75
2881,7.5625
2882,9.6875
2883,13.5
2884,13.5
2885,11.0625
2886,11.875
2887,12.1875
2888,12.875
2889,10.5625
2890,12.5
2891,14.25
2892,10.6875
2893,12.4375
2894,15.0
2895,10.8125
2896,13.875
2897,8.5625
2898,11.125
2899,11.5
2900,8.75
2901,9.125
2902,13.625
2903,11.625
2904,9.0625
2905,10.625
2906,9.0
2907,11.0
2908,12.5
2909,10.75
2910,13.375
2911,10.4375
2912,11.125
2913,11.3125
2914,9.625
2915,10.875
2916,12.8125
2917,10.0
2918,10.125
2919,12.125
2920,11.375
2921,10.0
2922,12.5
2923,13.25
2924,8.9375
2925,12.0
2926,10.0
2927,13.875
2928,12.875
2929,11.0
2930,12.5
2931,8.1875
2932,10.4375
2933,10.375
2934,9.375
2935,12.4375
2936,11.5
2937,9.25
2938,11.0625
2939,7.9375
2940,10.625
2941,11.625
2942,10.875
2943,12.875
2944,13.375
2945,7.0625
2946,10.25
2947,8.1875
2948,10.6875
2949,13.3125
2950,8.3125
2951,12.75
2952,14.0625
2953,10.0
2954,12.375
2955,10.125
2956,11.375
2957,12.0
2958,11.4375
2959,11.875
2960,12.125
2961,8.375
2962,10.5
2963,12.6875
2964,7.875
2965,13.75
2966,9.5
2967,10.375
2968,12.4375
2969,13.125
2970,12.8125
2971,12.0
2972,8.4375
2973,10.6875
2974,10.4375
2975,12.0625
2976,11.5625
2977,14.875
2978,11.875
2979,13.5
2980,8.625
2981,7.6875
2982,12.5
2983,13.625
2984,11.375
2985,12.25
2986,8.8125
2987,10.5
2988,10.9375
2989,8.1875
2990,8.375
2991,12.25
2992,11.875
2993,13.3125
2994,11.3125
2995,15.0
2996,11.75
2997,13.25
2998,12.25
2999,9.5
3000,11.0625
3001,13.0
3002,11.625
3003,11.625
3004,12.3125
3005,8.5
3006,13.75
3007,10.25
3008,12.0
3009,8.875
3010,13.25
3011,13.875
3012,11.0
3013,14.75
3014,9.625
3015,10.375
3016,11.875
3017,13.0
3018,11.75
3019,7.65625
3020,10.75
3021,12.0
3022,7.875
3023,11.25
3024,11.25
3025,11.125
3026,12.75
3027,8.75
3028,8.125
3029,7.65625
3030,11.625
3031,11.75
3032,12.5625
3033,9.25
3034,12.8125
3035,11.0
3036,14.125
3037,12.25
3038,11.5625
3039,12.0
3040,11.125
3041,11.375
3042,12.25
3043,10.0
3044,9.8125
3045,11.3125
3046,9.875
3047,12.375
3048,11.125
3049,12.375
3050,11.625
3051,11.125
3052,10.0
3053,9.625
3054,9.875
3055,11.875
3056,11.3125
3057,11.75
3058,8.3125
3059,12.375
3060,12.375
3061,12.5
3062,9.625
3063,10.75
3064,12.375
3065,10.4375
3066,11.0
3067,10.625
3068,12.5625
3069,10.75
3070,11.375
3071,12.625
3072,12.1875
3073,12.625
3074,8.6875
3075,12.375
3076,10.0
3077,10.875
3078,9.375
3079,12.3125
3080,9.875
3081,12.0
3082,11.75
3083,10.625
3084,11.375
3085,10.125
3086,8.25
3087,13.0
3088,13.375
3089,10.875
3090,10.5
3091,10.125
3092,12.125
3093,9.625
3094,9.75
3095,11.4375
3096,12.0625
3097,12.8125
3098,12.0
3099,13.0
3100,11.25
3101,11.875
3102,11.4375
3103,9.0
3104,12.625
3105,10.625
3106,10.625
3107,12.375
3108,11.25
3109,14.0
3110,9.875
3111,8.5625
3112,12.375
3113,10.75
3114,12.375
3115,10.375
3116,11.0
3117,11.375
3118,9.125
3119,13.6875
3120,8.3125
3121,11.25
3122,9.125
3123,9.9375
3124,10.3125
3125,10.625
3126,11.875
3127,13.5
3128,14.75
3129,10.5
3130,11.0
3131,10.5
3132,10.8125
3133,10.5
3134,14.4375
3135,11.25
3136,12.25
3137,11.75
3138,11.1875
3139,12.875
3140,9.125
3141,10.875
3142,10.25
3143,11.8125
3144,14.0
3145,11.75
3146,10.375
3147,10.75
3148,10.75
3149,12.0
3150,12.0
3151,10.25
3152,8.625
3153,11.25
3154,12.5
3155,14.4375
3156,13.3125
3157,12.5625
3158,13.625
3159,12.875
3160,7.71875
3161,14.625
3162,12.0625
3163,12.375
3164,11.6875
3165,14.0
3166,11.625
3167,13.5
3168,8.625
3169,11.125
3170,11.25
3171,12.125
3172,10.875
3173,10.5
3174,12.6875
3175,10.1875
3176,10.25
3177,12.0625
3178,12.875
3179,11.25
3180,14.125
3181,14.0
3182,12.375
3183,7.5
3184,13.375
3185,11.75
3186,11.75
3187,10.1875
3188,12.0
3189,10.5
3190,10.3125
3191,13.8125
3192,10.875
3193,12.125
3194,9.5
3195,11.3125
3196,10.625
3197,11.75
3198,7.75
3199,11.25
3200,11.875
3201,10.875
3202,11.9375
3203,11.875
3204,11.375
3205,13.25
3206,14.75
3207,10.0
3208,9.625
3209,13.375
3210,10.1875
3211,9.25
3212,9.75
3213,14.25
3214,12.5
3215,12.625
3216,13.25
3217,9.125
3218,9.8125
3219,13.625
3220,9.75
3221,12.25
3222,9.875
3223,10.6875
3224,11.6875
3225,11.8125
3226,8.625
3227,9.625
3228,11.9375
3229,10.875
3230,10.25
3231,12.75
3232,13.4375
3233,10.75
3234,10.6875
3235,11.625
3236,10.25
3237,10.75
3238,9.875
3239,11.875
3240,7.3125
3241,11.375
3242,11.125
3243,13.25
3244,14.125
3245,11.5625
3246,11.25
3247,10.9375
3248,10.125
3249,9.875
3250,14.3125
3251,11.125
3252,12.125
3253,10.3125
3254,11.875
3255,10.375
3256,9.5
3257,11.875
3258,13.0625
3259,10.5
3260,14.0
3261,11.25
3262,12.4375
3263,11.5625
3264,9.75
3265,11.5
3266,12.625
3267,12.0
3268,11.625
3269,10.0625
3270,10.6875
3271,11.5625
3272,12.0
3273,11.5
3274,12.0625
3275,10.5
3276,12.0
3277,11.375
3278,11.875
3279,9.8125
3280,9.125
3281,9.875
3282,10.625
3283,12.5625
3284,11.8125
3285,12.125
3286,10.25
3287,12.8125
3288,7.0
3289,10.875
3290,12.8125
3291,10.0
3292,8.875
3293,10.375
3294,9.5
3295,9.125
3296,11.625
3297,12.4375
3298,13.625
3299,10.1875
3300,10.125
3301,9.9375
3302,8.875
3303,9.8125
3304,10.625
3305,10.875
3306,9.875
3307,10.0
3308,13.25
3309,10.375
3310,13.5
3311,11.375
3312,10.5625
3313,10.25
3314,12.0
3315,12.75
3316,13.0625
3317,9.6875
3318,12.1875
3319,12.375
3320,9.625
3321,13.875
3322,13.3125
3323,11.5625
3324,12.9375
3325,12.3125
3326,11.0
3327,11.4375
3328,12.75
3329,10.25
3330,12.125
3331,9.125
3332,11.875
3333,12.5
3334,11.5
3335,11.25
3336,12.25
3337,11.25
3338,12.125
3339,10.625
3340,12.0
3341,11.75
3342,10.25
3343,14.5625
3344,12.875
3345,7.9375
3346,11.6875
3347,9.75
3348,8.25
3349,9.0
3350,13.375
3351,10.625
3352,12.125
3353,11.0
3354,14.125
3355,8.4375
3356,9.75
3357,10.875
3358,8.25
3359,11.0
3360,11.0
3361,8.75
3362,8.125
3363,9.625
3364,11.875
3365,9.375
3366,11.125
3367,9.4375
3368,14.4375
3369,10.625
3370,11.125
3371,8.625
3372,11.25
3373,11.4375
3374,11.5
3375,11.8125
3376,12.3125
3377,8.75
3378,9.375
3379,9.25
3380,10.3125
3381,11.875
3382,10.625
3383,10.6875
3384,11.375
3385,12.375
3386,11.0
3387,8.625
3388,11.0625
3389,10.75
3390,11.125
3391,9.75
3392,9.875
3393,10.5625
3394,11.4375
3395,12.9375
3396,10.625
3397,14.1875
3398,8.25
3399,12.625
3400,11.5
3401,12.375
3402,12.75
3403,10.75
3404,13.125
3405,15.1875
3406,8.625
3407,9.0
3408,11.375
3409,12.0625
3410,9.625
3411,10.6875
3412,12.375
3413,10.25
3414,8.8125
3415,9.5
3416,11.625
3417,9.4375
3418,11.25
3419,11.125
3420,11.875
3421,9.5
3422,11.625
3423,12.3125
3424,10.875
3425,10.25
3426,12.625
3427,11.375
3428,8.5
3429,11.0625
3430,11.4375
3431,12.4375
3432,10.125
3433,11.5
3434,11.0625
3435,11.25
3436,11.0625
3437,10.25
3438,10.0625
3439,8.75
3440,11.125
3441,9.3125
3442,13.0625
3443,11.625
3444,11.0
3445,12.625
3446,11.5625
3447,10.25
3448,11.75
3449,7.0625
3450,6.8125
3451,13.4375
3452,9.1875
3453,12.6875
3454,12.125
3455,12.125
3456,15.75
3457,10.3125
3458,10.375
3459,10.625
3460,12.375
3461,9.8125
3462,11.75
3463,10.75
3464,9.5625
3465,9.0
3466,9.125
3467,11.25
3468,8.625
3469,10.5
3470,11.0
3471,10.25
3472,12.25
3473,10.25
3474,11.875
3475,12.5
3476,12.875
3477,11.375
3478,12.25
3479,9.25
3480,10.625
3481,13.25
3482,10.75
3483,7.125
3484,10.875
3485,9.875
3486,11.375
3487,7.1875
3488,9.875
3489,12.8125
3490,11.625
3491,9.75
3492,10.625
3493,12.0
3494,12.625
3495,10.875
3496,11.75
3497,10.25
3498,10.75
3499,12.375
3500,8.0625
3501,10.8125
3502,13.625
3503,10.375
3504,12.0625
3505,14.0
3506,11.875
3507,11.375
3508,12.125
3509,11.5625
3510,9.25
3511,9.375
3512,11.25
3513,14.875
3514,11.5
3515,8.5
3516,9.5
3517,10.5
3518,10.125
3519,8.375
3520,11.25
3521,11.9375
3522,9.25
3523,7.84375
3524,10.1875
3525,12.875
3526,11.9375
3527,11.6875
3528,7.59375
3529,12.6875
3530,10.5625
3531,14.0
3532,12.125
3533,11.75
3534,11.125
3535,9.75
3536,9.1875
3537,10.6875
3538,9.625
3539,12.4375
3540,9.1875
3541,12.625
3542,13.125
3543,10.375
3544,8.3125
3545,11.75
3546,11.75
3547,9.1875
3548,12.875
3549,12.1875
3550,7.15625
3551,11.5
3552,11.375
3553,11.375
3554,9.6875
3555,8.875
3556,12.125
3557,9.5
3558,10.625
3559,8.8125
3560,11.125
3561,12.25
3562,10.875
3563,12.1875
3564,12.0
3565,12.9375
3566,12.0
3567,11.625
3568,10.25
3569,8.4375
3570,11.3125
3571,10.5625
3572,10.375
3573,12.75
3574,10.75
3575,11.0
3576,9.875
3577,12.5625
3578,7.25
3579,9.5
3580,11.5
3581,9.875
3582,10.625
3583,8.75
3584,12.875
3585,11.5
3586,10.5
3587,13.6875
3588,13.625
3589,10.75
3590,9.25
3591,12.8125
3592,13.375
3593,8.3125
3594,12.0
3595,11.5
3596,11.25
3597,9.125
3598,11.5625
3599,7.5625
3600,12.25
3601,8.875
3602,9.0625
3603,10.125
3604,8.5625
3605,10.5
3606,9.75
3607,12.0
3608,8.5
3609,9.5625
3610,8.5
3611,11.8125
3612,12.125
3613,11.875
3614,12.5
3615,9.4375
3616,12.75
3617,11.0
3618,13.0
3619,9.375
3620,11.375
3621,11.75
3622,8.0
3623,10.5
3624,14.875
3625,10.0
3626,12.375
3627,9.5
3628,9.5
3629,11.625
3630,11.625
3631,11.25
3632,11.375
3633,12.125
3634,12.75
3635,8.5
3636,10.8125
3637,9.4375
3638,9.25
3639,11.0625
3640,9.625
3641,10.25
3642,11.625
3643,9.125
3644,13.0
3645,10.25
3646,10.5625
3647,8.875
3648,9.5
3649,9.625
3650,11.875
3651,12.25
3652,11.25
3653,8.375
3654,14.5625
3655,8.875
3656,11.125
3657,11.1875
3658,9.5
3659,11.375
3660,9.0625
3661,13.625
3662,11.0
3663,9.0625
3664,10.25
3665,10.5
3666,10.25
3667,11.3125
3668,10.1875
3669,11.625
3670,14.875
3671,9.375
3672,9.25
3673,12.125
3674,9.625
3675,12.375
3676,11.0
3677,8.8125
3678,11.875
3679,12.625
3680,10.5
3681,12.1875
3682,8.1875
3683,10.125
3684,9.0625
3685,12.625
3686,11.5
3687,12.0
3688,12.25
3689,12.25
3690,11.0625
3691,9.5
3692,9.5625
3693,12.8125
3694,12.125
3695,13.375
3696,10.75
3697,12.0
3698,12.625
3699,9.125
3700,10.375
3701,10.6875
3702,9.875
3703,11.8125
3704,13.125
3705,10.25
3706,9.875
3707,11.875
3708,7.59375
3709,11.75
3710,11.625
3711,11.0
3712,11.5
3713,14.0
3714,11.875
3715,10.625
3716,13.25
3717,11.5
3718,9.875
3719,12.8125
3720,8.6875
3721,9.25
3722,11.875
3723,9.625
3724,10.875
3725,11.0
3726,10.125
3727,10.0
3728,10.5
3729,12.4375
3730,10.375
3731,10.875
3732,10.625
3733,11.75
3734,11.375
3735,11.1875
3736,10.75
3737,10.8125
3738,9.0625
3739,7.875
3740,9.3125
3741,12.375
3742,8.0625
3743,10.375
3744,12.9375
3745,10.125
3746,11.25
3747,9.1875
3748,13.5
3749,11.0
3750,9.375
3751,11.4375
3752,9.625
3753,13.4375
3754,12.1875
3755,12.25
3756,11.875
3757,13.0625
3758,8.875
3759,10.0
3760,10.25
3761,9.1875
3762,12.9375
3763,9.5
3764,10.8125
3765,11.0
3766,7.4375
3767,8.9375
3768,10.375
3769,12.25
3770,12.25
3771,11.75
3772,10.625
3773,10.5625
3774,12.125
3775,10.625
3776,12.0
3777,10.75
3778,12.25
3779,8.625
3780,11.0625
3781,11.4375
3782,11.875
3783,9.0
3784,11.75
3785,7.78125
3786,11.125
3787,12.625
3788,10.875
3789,10.375
3790,8.8125
3791,10.125
3792,9.1875
3793,9.0
3794,12.75
3795,12.125
3796,11.625
3797,10.75
3798,11.875
3799,8.625
3800,11.875
3801,13.75
3802,12.625
3803,12.875
3804,9.5625
3805,11.875
3806,5.9375
3807,8.875
3808,10.6875
3809,10.5625
3810,12.75
3811,9.5
3812,9.75
3813,11.125
3814,10.25
3815,11.8125
3816,11.875
3817,9.875
3818,9.875
3819,9.75
3820,11.75
3821,10.375
3822,10.75
3823,13.625
3824,8.125
3825,9.75
3826,10.5
3827,10.0
3828,8.625
3829,8.9375
3830,12.0
3831,11.875
3832,7.8125
3833,9.875
3834,9.125
3835,12.375
3836,11.375
3837,9.25
3838,9.125
3839,10.0
3840,10.375
3841,9.5
3842,10.5625
3843,10.875
3844,10.3125
3845,13.0
3846,11.875
3847,12.5
3848,7.1875
3849,12.5
3850,12.3125
3851,12.625
3852,12.375
3853,10.0
3854,10.6875
3855,8.75
3856,10.125
3857,9.8125
3858,10.625
3859,9.875
3860,11.75
3861,11.8125
3862,11.125
3863,10.0
3864,13.125
3865,11.9375
3866,13.375
3867,11.625
3868,11.625
3869,9.125
3870,7.625
3871,10.6875
3872,9.75
3873,11.75
3874,12.9375
3875,10.6875
3876,13.375
3877,11.125
3878,9.5
3879,11.0
3880,7.375
3881,9.5625
3882,11.875
3883,12.625
3884,10.75
3885,10.8125
3886,11.75
3887,10.0
3888,13.875
3889,9.875
3890,10.875
3891,11.9375
3892,11.25
3893,9.0625
3894,7.9375
3895,11.0
3896,8.875
3897,13.5
3898,11.75
3899,12.75
3900,13.9375
3901,11.0
3902,8.1875
3903,11.1875
3904,11.5
3905,10.6875
3906,8.6875
3907,11.6875
3908,12.4375
3909,11.4375
3910,9.9375
3911,11.75
3912,12.625
3913,12.25
3914,9.875
3915,9.875
3916,11.125
3917,8.875
3918,9.5625
3919,9.375
3920,11.5
3921,11.25
3922,8.4375
3923,10.625
3924,12.125
3925,9.25
3926,12.75
3927,11.5
3928,10.75
3929,13.75
3930,10.5625
3931,10.25
3932,11.125
3933,12.875
3934,13.0
3935,11.375
3936,10.75
3937,12.125
3938,11.625
3939,12.375
3940,12.5625
3941,8.875
3942,8.75
3943,8.25
3944,7.625
3945,12.875
3946,10.5
3947,10.25
3948,12.8125
3949,9.75
3950,9.5625
3951,10.625
3952,13.8125
3953,11.875
3954,12.375
3955,9.5
3956,9.875
3957,14.0
3958,13.875
3959,11.9375
3960,10.875
3961,12.375
3962,10.9375
3963,11.375
3964,7.875
3965,11.25
3966,10.1875
3967,8.75
3968,9.6875
3969,11.0
3970,10.625
3971,9.75
3972,8.3125
3973,9.75
3974,14.0
3975,11.75
3976,10.3125
3977,10.875
3978,11.0
3979,10.75
3980,8.6875
3981,9.0
3982,11.75
3983,10.75
3984,11.9375
3985,11.25
3986,10.75
3987,10.6875
3988,10.375
3989,9.75
3990,9.25
3991,7.5625
3992,11.4375
3993,12.5625
3994,11.375
3995,12.125
3996,11.3125
3997,9.0
3998,10.0
3999,11.4375
4000,10.625
4001,12.375
4002,9.875
4003,12.1875
4004,8.625
4005,9.0
4006,11.0
4007,11.125
4008,9.25
4009,9.5
4010,13.0
4011,9.25
4012,13.25
4013,11.875
4014,9.3125
4015,11.75
4016,11.1875
4017,13.4375
4018,10.5
4019,10.8125
4020,10.375
4021,10.0
4022,12.0
4023,11.6875
4024,8.75
4025,10.125
4026,8.5625
4027,11.625
4028,11.0
4029,9.0625
4030,11.625
4031,10.75
4032,12.875
4033,8.0
4034,11.75
4035,12.75
4036,12.375
4037,14.0
4038,9.25
4039,10.875
4040,9.875
4041,11.6875
4042,11.125
4043,10.5625
4044,10.125
4045,10.625
4046,7.4375
4047,12.9375
4048,13.25
4049,11.75
4050,10.875
4051,10.375
4052,12.5
4053,14.5625
4054,13.0
4055,11.0625
4056,11.25
4057,10.5625
4058,10.5
4059,11.25
4060,12.25
4061,10.625
4062,11.25
4063,7.25
4064,10.0
4065,8.75
4066,9.625
4067,10.0
4068,12.875
4069,12.3125
4070,9.4375
4071,12.375
4072,9.1875
4073,8.3125
4074,10.875
4075,10.875
4076,10.3125
4077,8.875
4078,8.875
4079,9.8125
4080,12.0
4081,11.625
4082,10.5
4083,10.75
4084,11.625
4085,11.25
4086,10.25
4087,10.6875
4088,14.875
4089,10.8125
4090,10.5
4091,12.0
4092,12.375
4093,12.625
4094,10.25
4095,8.25
4096,10.0625
4097,11.125
4098,12.625
4099,11.0
4100,10.5
4101,11.75
4102,12.9375
4103,8.375
4104,8.375
4105,11.625
4106,9.5
4107,7.5
4108,11.5625
4109,10.6875
4110,9.4375
4111,8.375
4112,9.375
4113,13.125
4114,7.5625
4115,11.625
4116,11.25
4117,11.4375
4118,10.6875
4119,12.1875
4120,10.875
4121,10.75
4122,9.75
4123,9.375
4124,10.25
4125,10.875
4126,11.875
4127,8.25
4128,12.25
4129,13.0
4130,8.125
4131,11.375
4132,12.1875
4133,11.1875
4134,10.0
4135,8.75
4136,10.625
4137,8.1875
4138,10.25
4139,12.125
4140,10.625
4141,10.375
4142,11.875
4143,10.0
4144,12.25
4145,10.0625
4146,10.4375
4147,11.4375
4148,11.875
4149,9.125
4150,11.9375
4151,11.1875
4152,8.9375
4153,9.625
4154,9.1875
4155,10.625
4156,9.875
4157,12.75
4158,8.0625
4159,7.15625
4160,10.875
4161,13.6875
4162,7.75
4163,8.375
4164,14.75
4165,8.875
4166,12.0
4167,8.6875
4168,11.0
4169,10.875
4170,9.0
4171,12.0
4172,13.0625
4173,11.375
4174,11.375
4175,8.875
4176,9.875
4177,9.375
4178,8.375
4179,9.5
4180,10.9375
4181,10.4375
4182,10.625
4183,12.375
4184,11.4375
4185,9.875
4186,9.375
4187,8.75
4188,12.875
4189,12.125
4190,9.125
4191,10.5
4192,9.75
4193,13.5
4194,11.0
4195,11.5
4196,12.8125
4197,10.75
4198,11.0
4199,9.0
4200,12.1875
4201,11.6875
4202,9.5
4203,11.625
4204,10.0
4205,10.1875
4206,7.8125
4207,9.75
4208,13.25
4209,13.0
4210,9.375
4211,10.125
4212,10.6875
4213,12.125
4214,9.0
4215,10.625
4216,10.75
4217,12.375
4218,12.125
4219,11.625
4220,11.125
4221,10.6875
4222,7.9375
4223,12.125
4224,11.75
4225,12.6875
4226,9.75
4227,8.125
4228,12.3125
4229,8.875
4230,12.25
4231,13.375
4232,11.75
4233,11.0
4234,7.875
4235,12.5
4236,11.25
4237,7.78125
4238,9.125
4239,12.25
4240,13.5
4241,13.375
4242,10.625
4243,9.875
4244,8.875
4245,11.75
4246,11.4375
4247,12.5
4248,9.125
4249,11.9375
4250,9.8125
4251,11.6875
4252,13.5
4253,10.4375
4254,11.1875
4255,9.875
4256,10.125
4257,11.5
4258,12.5
4259,11.75
4260,9.125
4261,13.25
4262,10.5625
4263,9.75
4264,7.21875
4265,12.125
4266,11.375
4267,10.125
4268,11.5
4269,10.875
4270,9.75
4271,10.4375
4272,11.625
4273,11.25
4274,8.0
4275,11.625
4276,14.5
4277,11.125
4278,8.0
4279,8.75
4280,14.9375
4281,11.75
4282,7.71875
4283,11.25
4284,11.375
4285,7.625
4286,11.625
4287,10.25
4288,9.625
4289,12.125
4290,8.0
4291,11.875
4292,11.0
4293,10.8125
4294,11.875
4295,11.0
4296,11.125
4297,11.75
4298,11.0625
4299,11.1875
4300,12.125
4301,13.75
4302,12.5
4303,11.5
4304,7.625
4305,13.4375
4306,8.5
4307,10.75
4308,11.0
4309,10.25
4310,11.0625
4311,8.5625
4312,10.125
4313,11.625
4314,9.25
4315,10.5
4316,10.9375
4317,10.0625
4318,12.125
4319,8.875
4320,9.25
4321,10.6875
4322,9.5
4323,13.6875
4324,13.0
4325,11.1875
4326,11.75
4327,9.75
4328,13.25
4329,9.3125
4330,12.0625
4331,11.0
4332,9.625
4333,12.0
4334,10.3125
4335,10.125
4336,11.125
4337,9.1875
4338,12.5
4339,9.3125
4340,11.625
4341,12.375
4342,11.25
4343,13.0
4344,9.4375
4345,10.25
4346,10.0
4347,11.625
4348,12.0
4349,10.625
4350,10.75
4351,11.75
4352,8.75
4353,7.1875
4354,9.25
4355,11.5
4356,10.125
4357,11.5
4358,11.875
4359,9.375
4360,10.25
4361,8.8125
4362,9.9375
4363,9.375
4364,6.6875
4365,11.625
4366,9.125
4367,9.625
4368,10.5
4369,10.25
4370,11.5
4371,11.375
4372,10.5
4373,11.625
4374,10.875
4375,13.875
4376,6.9375
4377,8.875
4378,10.375
4379,9.9375
4380,11.4375
4381,12.875
4382,9.9375
4383,7.34375
4384,10.75
4385,9.4375
4386,11.5625
4387,8.75
4388,10.75
4389,9.75
4390,10.25
4391,10.875
4392,10.25
4393,9.5
4394,10.5625
4395,10.8125
4396,12.125
4397,11.625
4398,10.25
4399,12.25
4400,11.8125
4401,9.0
4402,12.5625
4403,9.25
4404,11.3125
4405,12.9375
4406,11.3125
4407,12.125
4408,13.125
4409,9.625
4410,11.75
4411,9.75
4412,10.625
4413,9.0
4414,9.625
4415,12.25
4416,8.3125
4417,10.3125
4418,10.3125
4419,10.8125
4420,11.5
4421,8.6875
4422,11.0625
4423,11.0
4424,10.25
4425,11.0
4426,11.25
4427,11.8125
4428,11.75
4429,13.375
4430,11.125
4431,8.875
4432,11.125
4433,11.75
4434,12.125
4435,10.375
4436,10.5
4437,13.5
4438,9.75
4439,9.4375
4440,10.25
4441,12.25
4442,11.5
4443,10.0
4444,13.375
4445,9.4375
4446,9.9375
4447,14.0
4448,8.125
4449,12.125
4450,12.625
4451,10.125
4452,8.0
4453,11.625
4454,8.375
4455,11.4375
4456,12.25
4457,8.4375
4458,8.875
4459,13.75
4460,10.75
4461,8.375
4462,11.6875
4463,11.875
4464,10.75
4465,12.125
4466,12.3125
4467,13.5625
4468,8.6875
4469,11.75
4470,11.125
4471,13.5
4472,8.25
4473,12.6875
4474,11.5
4475,11.4375
4476,9.5
4477,9.875
4478,11.0
4479,12.0
4480,11.375
4481,11.0
4482,10.125
4483,11.5
4484,10.625
4485,8.3125
4486,12.875
4487,11.375
4488,9.25
4489,9.8125
4490,12.1875
4491,7.96875
4492,9.3125
4493,9.875
4494,9.5
4495,10.875
4496,8.25
4497,11.625
4498,11.875
4499,10.3125
4500,10.25
4501,9.75
4502,11.0625
4503,11.6875
4504,10.5
4505,11.0
4506,10.0
4507,12.125
4508,12.125
4509,9.75
4510,12.875
4511,9.625
4512,9.25
4513,9.25
4514,8.5
4515,11.0
4516,11.625
4517,11.625
4518,9.5
4519,10.875
4520,9.875
4521,12.1875
4522,11.25
4523,10.0625
4524,10.5
4525,11.6875
4526,11.4375
4527,9.375
4528,10.4375
4529,12.125
4530,14.4375
4531,9.9375
4532,10.6875
4533,11.375
4534,11.0
4535,14.0
4536,10.875
4537,10.9375
4538,8.5625
4539,12.75
4540,11.6875
4541,12.875
4542,12.625
4543,8.625
4544,11.0
4545,9.4375
4546,11.0
4547,11.0
4548,12.875
4549,10.875
4550,8.25
4551,11.4375
4552,10.625
4553,9.0
4554,11.75
4555,12.25
4556,10.0
4557,11.8125
4558,11.375
4559,10.125
4560,10.625
4561,7.90625
4562,10.0625
4563,12.1875
4564,10.0
4565,14.9375
4566,12.625
4567,10.9375
4568,10.875
4569,10.25
4570,9.75
4571,11.0
4572,10.875
4573,10.0
4574,12.625
4575,11.6875
4576,10.25
4577,11.875
4578,10.625
4579,13.75
4580,12.0625
4581,12.75
4582,10.875
4583,11.4375
4584,11.125
4585,11.25
4586,9.0
4587,11.5
4588,8.625
4589,13.3125
4590,10.5625
4591,13.0
4592,11.875
4593,9.625
4594,11.25
4595,9.3125
4596,10.0
4597,12.125
4598,10.5625
4599,9.5
4600,10.1875
4601,11.625
4602,11.0
4603,10.125
4604,13.625
4605,11.5
4606,12.375
4607,9.75
4608,12.4375
4609,9.9375
4610,13.125
4611,10.3125
4612,11.375
4613,13.375
4614,7.625
4615,9.5
4616,9.625
4617,6.75
4618,11.0
4619,10.0625
4620,8.625
4621,9.5625
4622,10.25
4623,11.0
4624,12.9375
4625,12.125
4626,10.6875
4627,11.25
4628,14.625
4629,10.375
4630,11.75
4631,10.375
4632,9.625
4633,9.6875
4634,12.0
4635,12.625
4636,9.6875
4637,12.3125
4638,11.875
4639,13.0
4640,13.5
4641,13.375
4642,10.5625
4643,11.125
4644,10.375
4645,8.75
4646,10.875
4647,10.375
4648,10.125
4649,12.75
4650,10.375
4651,9.1875
4652,9.6875
4653,11.5625
4654,9.375
4655,9.0625
4656,11.375
4657,10.5
4658,10.75
4659,12.3125
4660,11.625
4661,10.5
4662,11.375
4663,10.0
4664,10.25
4665,12.6875
4666,12.6875
4667,9.875
4668,11.0
4669,10.375
4670,11.5
4671,10.375
4672,12.5
4673,11.875
4674,9.625
4675,8.625
4676,13.25
4677,9.125
4678,12.3125
4679,13.0
4680,9.375
4681,9.8125
4682,11.875
4683,10.75
4684,9.5
4685,9.875
4686,11.0
4687,9.0
4688,11.9375
4689,10.75
4690,7.96875
4691,11.25
4692,12.875
4693,12.125
4694,10.375
4695,11.0
4696,10.5625
4697,11.625
4698,11.5
4699,9.25
4700,9.5
4701,9.625
4702,10.25
4703,11.25
4704,13.125
4705,8.875
4706,9.875
4707,10.625
4708,10.0
4709,9.125
4710,11.0625
4711,11.0
4712,10.0625
4713,11.25
4714,11.375
4715,8.0625
4716,10.625
4717,8.875
4718,9.125
4719,9.5
4720,9.0
4721,9.375
4722,12.0
4723,8.375
4724,10.8125
4725,11.0625
4726,10.875
4727,10.875
4728,12.875
4729,10.375
4730,10.25
4731,10.625
4732,7.875
4733,9.75
4734,12.25
4735,10.25
4736,11.25
4737,13.25
4738,11.0
4739,7.78125
4740,9.125
4741,10.5
4742,9.5
4743,10.4375
4744,10.125
4745,8.8125
4746,10.375
4747,12.125
4748,11.875
4749,10.625
4750,10.5
4751,9.375
4752,11.625
4753,6.6875
4754,11.375
4755,8.1875
4756,10.9375
4757,11.875
4758,10.25
4759,8.375
4760,13.0
4761,7.59375
4762,11.0
4763,8.875
4764,10.6875
4765,13.875
4766,12.5625
4767,9.9375
4768,8.5625
4769,8.6875
4770,11.625
4771,11.6875
4772,11.75
4773,7.59375
4774,12.125
4775,13.625
4776,15.125
4777,8.0625
4778,9.625
4779,9.0
4780,9.375
4781,10.5625
4782,14.0
4783,12.875
4784,12.0
4785,6.8125
4786,10.1875
4787,7.8125
4788,11.625
4789,11.625
4790,13.125
4791,10.9375
4792,11.75
4793,8.75
4794,10.6875
4795,9.125
4796,9.625
4797,8.3125
4798,13.125
4799,13.5
4800,9.625
4801,8.75
4802,8.625
4803,9.625
4804,10.5
4805,9.0
4806,8.25
4807,11.625
4808,9.0625
4809,9.6875
4810,10.375
4811,9.75
4812,10.125
4813,10.5
4814,12.3125
4815,10.125
4816,10.0
4817,13.5625
4818,11.9375
4819,10.6875
4820,12.625
4821,8.5
4822,11.875
4823,10.1875
4824,10.5
4825,10.625
4826,9.5
4827,12.4375
4828,11.25
4829,11.25
4830,9.875
4831,10.5
4832,12.25
4833,12.125
4834,9.0
4835,9.75
4836,8.875
4837,9.3125
4838,11.375
4839,11.625
4840,10.5625
4841,11.4375
4842,11.5
4843,12.1875
4844,10.875
4845,12.75
4846,10.5
4847,9.9375
4848,11.25
4849,10.25
4850,10.25
4851,8.0
4852,9.0625
4853,10.25
4854,10.375
4855,10.875
4856,8.5
4857,10.0625
4858,7.4375
4859,13.75
4860,11.25
4861,10.875
4862,10.9375
4863,10.375
4864,10.125
4865,9.5625
4866,12.1875
4867,10.875
4868,9.75
4869,10.5625
4870,12.0625
4871,12.75
4872,10.5
4873,10.875
4874,11.4375
4875,10.3125
4876,6.53125
4877,7.6875
4878,8.9375
4879,8.375
4880,10.75
4881,11.1875
4882,10.25
4883,7.28125
4884,10.875
4885,8.125
4886,11.3125
4887,8.25
4888,12.1875
4889,11.0
4890,9.3125
4891,11.0
4892,11.5
4893,9.75
4894,9.8125
4895,11.0
4896,10.125
4897,12.125
4898,10.125
4899,9.875
4900,11.125
4901,12.625
4902,12.0625
4903,10.9375
4904,12.125
4905,10.375
4906,9.0
4907,12.125
4908,8.625
4909,9.5625
4910,9.375
4911,9.25
4912,8.625
4913,8.75
4914,8.5
4915,9.125
4916,11.875
4917,11.0
4918,10.0625
4919,9.5
4920,13.125
4921,10.125
4922,11.25
4923,8.125
4924,10.875
4925,12.375
4926,10.0
4927,10.6875
4928,10.625
4929,11.25
4930,12.125
4931,8.125
4932,13.75
4933,10.3125
4934,9.875
4935,11.0625
4936,8.0
4937,10.625
4938,12.5
4939,9.625
4940,9.125
4941,13.75
4942,13.5
4943,8.1875
4944,8.4375
4945,11.625
4946,10.3125
4947,10.0
4948,11.875
4949,11.375
4950,11.625
4951,10.875
4952,12.0
4953,12.6875
4954,11.1875
4955,9.75
4956,12.1875
4957,11.0
4958,9.4375
4959,12.375
4960,9.25
4961,9.4375
4962,11.625
4963,8.625
4964,8.8125
4965,7.625
4966,7.875
4967,11.75
4968,9.8125
4969,11.9375
4970,8.0625
4971,9.5
4972,9.4375
4973,8.125
4974,8.375
4975,11.625
4976,10.125
4977,11.6875
4978,11.625
4979,12.375
4980,9.5
4981,8.875
4982,8.75
4983,10.375
4984,9.875
4985,11.625
4986,9.375
4987,12.125
4988,11.625
4989,11.875
4990,11.0
4991,8.0
4992,13.5625
4993,11.375
4994,12.875
4995,9.25
4996,11.625
4997,12.0
4998,8.375
4999,10.875
5000,9.75
5001,9.75
5002,10.25
5003,12.0625
5004,12.125
5005,8.5
5006,10.625
5007,9.875
5008,11.3125
5009,11.75
5010,9.75
5011,8.25
5012,10.125
5013,8.5
5014,11.8125
5015,10.8125
5016,10.375
5017,11.1875
5018,9.4375
5019,9.4375
5020,9.5
5021,10.3125
5022,7.875
5023,10.5
5024,9.75
5025,10.375
5026,8.375
5027,10.375
5028,11.0
5029,12.125
5030,14.0
5031,12.0
5032,13.25
5033,9.125
5034,7.0625
5035,9.375
5036,9.5625
5037,11.875
5038,10.0
5039,10.0625
5040,10.375
5041,11.75
5042,10.8125
5043,8.875
5044,10.6875
5045,7.625
5046,9.625
5047,12.75
5048,9.625
5049,10.3125
5050,10.6875
5051,8.9375
5052,7.5
5053,10.125
5054,12.75
5055,10.0
5056,11.625
5057,10.625
5058,10.9375
5059,8.625
5060,11.5
5061,11.125
5062,9.25
5063,11.25
5064,9.375
5065,9.5625
5066,9.625
5067,7.375
5068,10.3125
5069,11.5
5070,11.0
5071,7.5625
5072,10.375
5073,7.875
5074,7.5625
5075,10.6875
5076,10.5
5077,10.4375
5078,13.625
5079,11.0
5080,8.625
5081,11.5
5082,13.5
5083,11.25
5084,7.78125
5085,11.25
5086,11.5
5087,10.25
5088,10.3125
5089,10.1875
5090,9.1875
5091,10.0
5092,10.625
5093,11.875
5094,10.625
5095,8.0
5096,11.625
5097,8.75
5098,10.125
5099,13.25
5100,11.875
5101,11.125
5102,12.4375
5103,8.5
5104,11.1875
5105,7.46875
5106,11.9375
5107,11.75
5108,8.5
5109,10.25
5110,10.0
5111,9.5625
5112,12.0
5113,8.75
5114,11.875
5115,12.875
5116,12.0
5117,10.4375
5118,10.0
5119,9.5
5120,12.0
5121,7.53125
5122,8.375
5123,11.75
5124,12.875
5125,9.1875
5126,8.5
5127,9.875
5128,12.0
5129,13.125
5130,13.375
5131,10.125
5132,10.625
5133,8.375
5134,10.625
5135,9.625
5136,7.90625
5137,10.875
5138,8.375
5139,9.375
5140,8.5625
5141,10.375
5142,9.75
5143,7.40625
5144,9.625
5145,13.5
5146,12.9375
5147,10.4375
5148,12.5
5149,11.6875
5150,11.875
5151,10.4375
5152,11.125
5153,10.5
5154,12.875
5155,12.5
5156,13.625
5157,8.375
5158,10.875
5159,11.125
5160,12.0
5161,10.5
5162,11.625
5163,11.25
5164,10.375
5165,9.25
5166,11.875
5167,10.3125
5168,12.125
5169,11.375
5170,6.875
5171,9.125
5172,10.4375
5173,10.5
5174,8.375
5175,11.375
5176,10.5625
5177,10.125
5178,10.25
5179,9.5
5180,11.125
5181,9.75
5182,9.6875
5183,10.375
5184,6.5625
5185,9.875
5186,10.9375
5187,13.0
5188,11.5
5189,7.8125
5190,12.125
5191,11.375
5192,11.8125
5193,12.4375
5194,10.5625
5195,13.75
5196,11.75
5197,14.8125
5198,12.75
5199,11.75
5200,9.8125
5201,10.25
5202,9.3125
5203,11.25
5204,9.875
5205,13.5
5206,11.75
5207,12.125
5208,9.375
5209,9.6875
5210,11.4375
5211,10.375
5212,7.5
5213,8.875
5214,10.375
5215,10.125
5216,10.875
5217,10.5625
5218,11.875
5219,10.25
5220,9.875
5221,12.5
5222,9.375
5223,12.875
5224,13.25
5225,13.1875
5226,10.75
5227,14.25
5228,9.3125
5229,8.625
5230,10.5
5231,9.75
5232,9.75
5233,12.125
5234,11.125
5235,11.25
5236,11.4375
5237,9.625
5238,7.5
5239,11.625
5240,10.25
5241,11.1875
5242,9.1875
5243,10.875
5244,11.125
5245,9.5
5246,9.125
5247,11.1875
5248,9.4375
5249,7.40625
5250,14.25
5251,10.625
5252,9.375
5253,9.3125
5254,9.75
5255,12.25
5256,8.6875
5257,10.3125
5258,10.5
5259,10.875
5260,11.25
5261,9.4375
5262,9.0
5263,10.875
5264,8.25
5265,8.75
5266,8.8125
5267,10.625
5268,9.75
5269,10.75
5270,10.8125
5271,11.125
5272,9.5
5273,11.875
5274,10.9375
5275,8.6875
5276,9.75
5277,12.1875
5278,10.0
5279,10.8125
5280,12.0
5281,12.375
5282,10.8125
5283,12.625
5284,10.9375
5285,11.25
5286,7.875
5287,10.4375
5288,10.4375
5289,11.125
5290,11.375
5291,11.375
5292,11.0
5293,11.75
5294,10.5
5295,11.5
5296,13.25
5297,11.75
5298,11.375
5299,12.25
5300,9.625
5301,10.125
5302,8.875
5303,10.8125
5304,8.8125
5305,7.71875
5306,10.625
5307,8.0625
5308,9.3125
5309,11.0625
5310,9.5625
5311,8.75
5312,7.75
5313,10.5625
5314,12.5
5315,12.125
5316,12.625
5317,8.1875
5318,12.375
5319,9.5625
5320,11.0
5321,11.875
5322,12.5
5323,13.0
5324,11.1875
5325,11.0625
5326,10.5
5327,9.0
5328,12.0
5329,10.9375
5330,12.375
5331,11.5
5332,9.75
5333,10.3125
5334,11.75
5335,13.375
5336,10.75
5337,10.125
5338,9.875
5339,12.0
5340,13.0625
5341,11.375
5342,10.4375
5343,9.125
5344,13.375
5345,8.625
5346,10.625
5347,9.75
5348,10.125
5349,10.1875
5350,8.25
5351,9.0
5352,10.0
5353,11.625
5354,10.875
5355,8.875
5356,10.0
5357,13.0625
5358,9.75
5359,12.625
5360,10.1875
5361,11.875
5362,10.5
5363,8.25
5364,10.625
5365,9.75
5366,7.90625
5367,10.125
5368,7.96875
5369,10.125
5370,9.125
5371,11.25
5372,8.3125
5373,11.5
5374,8.8125
5375,12.125
5376,10.5
5377,8.625
5378,10.375
5379,7.40625
5380,9.125
5381,8.0
5382,10.625
5383,10.75
5384,10.0625
5385,11.25
5386,11.0625
5387,11.1875
5388,8.75
5389,11.1875
5390,8.75
5391,13.0
5392,9.1875
5393,9.5625
5394,8.8125
5395,8.75
5396,12.625
5397,8.25
5398,11.25
5399,9.375
5400,10.125
5401,10.5
5402,8.875
5403,11.5
5404,9.0625
5405,10.5
5406,10.0
5407,9.375
5408,10.5625
5409,8.75
5410,10.5
5411,10.75
5412,11.875
5413,9.375
5414,9.875
5415,10.25
5416,8.125
5417,11.625
5418,10.0
5419,11.0
5420,9.5
5421,11.875
5422,10.4375
5423,10.5
5424,11.0
5425,9.5625
5426,10.0
5427,7.09375
5428,11.75
5429,10.5
5430,12.125
5431,11.1875
5432,9.75
5433,11.5
5434,12.125
5435,10.5
5436,8.4375
5437,7.8125
5438,8.125
5439,11.25
5440,10.625
5441,11.625
5442,11.6875
5443,9.5
5444,10.5
5445,10.9375
5446,9.25
5447,11.875
5448,11.25
5449,11.0625
5450,10.375
5451,10.75
5452,10.5
5453,10.0
5454,12.5
5455,12.125
5456,12.5625
5457,8.0625
5458,14.25
5459,9.8125
5460,10.25
5461,11.5
5462,10.625
5463,11.0
5464,8.6875
5465,9.5
5466,13.6875
5467,7.375
5468,9.125
5469,10.125
5470,11.125
5471,11.0
5472,8.75
5473,8.5625
5474,11.875
5475,9.875
5476,10.9375
5477,12.875
5478,12.5
5479,10.625
5480,11.125
5481,8.4375
5482,9.6875
5483,10.875
5484,11.0625
5485,12.375
5486,13.5
5487,10.5
5488,10.5
5489,12.625
5490,9.25
5491,8.75
5492,10.375
5493,9.875
5494,12.4375
5495,9.1875
5496,10.25
5497,11.25
5498,10.625
5499,13.0625
5500,11.625
5501,8.875
5502,12.0
5503,8.8125
5504,11.375
5505,9.875
5506,11.625
5507,13.125
5508,12.6875
5509,11.875
5510,9.5625
5511,8.75
5512,10.375
5513,11.25
5514,11.25
5515,9.5
5516,13.25
5517,11.0
5518,9.25
5519,8.625
5520,11.625
5521,10.625
5522,10.0
5523,9.75
5524,10.875
5525,10.25
5526,12.0
5527,12.125
5528,11.3125
5529,8.0
5530,9.9375
5531,8.375
5532,12.125
5533,8.875
5534,12.25
5535,13.25
5536,10.25
5537,9.8125
5538,12.875
5539,9.75
5540,11.75
5541,11.3125
5542,10.5
5543,8.25
5544,8.75
5545,10.25
5546,10.75
5547,10.375
5548,10.375
5549,8.8125
5550,11.0
5551,10.5625
5552,9.3125
5553,11.25
5554,11.75
5555,13.125
5556,7.6875
5557,10.8125
5558,10.0625
5559,11.625
5560,10.625
5561,9.5
5562,9.8125
5563,8.8125
5564,9.875
5565,9.1875
5566,13.625
5567,12.0
5568,12.1875
5569,9.75
5570,10.375
5571,11.4375
5572,9.625
5573,11.75
5574,12.0
5575,8.75
5576,10.4375
5577,12.375
5578,10.25
5579,10.875
5580,8.375
5581,12.375
5582,10.1875
5583,10.5
5584,9.875
5585,11.875
5586,7.75
5587,13.5
5588,8.5625
5589,10.25
5590,8.75
5591,10.625
5592,12.0625
5593,9.9375
5594,12.0
5595,12.4375
5596,9.1875
5597,9.0625
5598,10.75
5599,10.5
5600,10.25
5601,12.125
5602,9.5
5603,10.4375
5604,13.5
5605,13.0
5606,10.125
5607,9.0
5608,12.125
5609,9.25
5610,11.4375
5611,8.5625
5612,13.25
5613,10.25
5614,11.0625
5615,12.5
5616,10.5625
5617,10.625
5618,7.15625
5619,11.5
5620,10.125
5621,9.375
5622,11.5
5623,10.25
5624,12.25
5625,9.125
5626,8.125
5627,11.125
5628,12.9375
5629,7.25
5630,7.875
5631,10.25
5632,11.75
5633,10.75
5634,9.875
5635,9.125
5636,11.0625
5637,10.5
5638,11.875
5639,13.375
5640,11.75
5641,10.0
5642,11.125
5643,7.25
5644,11.0
5645,9.875
5646,11.5625
5647,10.125
5648,9.375
5649,9.75
5650,9.5
5651,9.875
5652,10.3125
5653,10.4375
5654,8.125
5655,11.3125
5656,9.1875
5657,11.8125
5658,12.75
5659,9.1875
5660,8.8125
5661,11.375
5662,10.5625
5663,12.625
5664,11.25
5665,11.875
5666,11.875
5667,10.0
5668,11.875
5669,10.1875
5670,11.625
5671,11.0
5672,12.375
5673,10.875
5674,10.75
5675,9.375
5676,11.75
5677,12.25
5678,12.0
5679,11.625
5680,11.875
5681,10.9375
5682,12.6875
5683,11.5
5684,12.0625
5685,10.125
5686,9.875
5687,11.4375
5688,9.875
5689,9.6875
5690,9.4375
5691,9.875
5692,13.5
5693,8.0
5694,11.5625
5695,10.5625
5696,13.1875
5697,10.25
5698,13.25
5699,11.25
5700,8.75
5701,9.25
5702,9.25
5703,13.125
5704,13.125
5705,8.875
5706,9.875
5707,11.3125
5708,11.875
5709,10.1875
5710,9.25
5711,14.0
5712,11.875
5713,10.625
5714,9.75
5715,9.75
5716,11.0
5717,9.8125
5718,12.25
5719,9.375
5720,10.125
5721,10.5625
5722,9.25
5723,12.3125
5724,11.375
5725,7.9375
5726,7.375
5727,8.4375
5728,12.375
5729,9.375
5730,10.875
5731,11.9375
5732,9.625
5733,12.875
5734,12.25
5735,11.375
5736,10.9375
5737,12.625
5738,12.375
5739,11.875
5740,12.4375
5741,11.375
5742,11.9375
5743,11.25
5744,13.125
5745,7.875
5746,10.125
5747,9.1875
5748,11.0625
5749,10.125
5750,10.125
5751,10.875
5752,10.5
5753,13.0625
5754,9.5
5755,10.3125
5756,9.5625
5757,10.5
5758,9.625
5759,10.0625
5760,10.5
5761,7.4375
5762,7.75
5763,10.375
5764,11.5625
5765,12.125
5766,8.875
5767,12.5625
5768,11.25
5769,9.75
5770,8.75
5771,9.9375
5772,10.5
5773,11.25
5774,10.5
5775,12.25
5776,10.375
5777,9.75
5778,12.0
5779,10.125
5780,8.6875
5781,10.5
5782,10.5
5783,6.9375
5784,7.0625
5785,12.125
5786,8.0625
5787,10.0625
5788,10.4375
5789,9.25
5790,10.0
5791,10.875
5792,9.375
5793,10.5
5794,10.5
5795,8.5625
5796,9.8125
5797,11.0625
5798,9.375
5799,10.75
5800,9.75
5801,8.375
5802,12.5625
5803,11.625
5804,14.0625
5805,12.25
5806,11.75
5807,12.4375
5808,8.25
5809,9.5
5810,8.25
5811,10.25
5812,11.125
5813,12.125
5814,10.125
5815,11.0
5816,12.875
5817,12.4375
5818,12.875
5819,9.875
5820,8.1875
5821,10.125
5822,8.4375
5823,11.375
5824,9.625
5825,14.8125
5826,9.5
5827,9.9375
5828,10.25
5829,9.875
5830,11.5625
5831,12.5
5832,9.875
5833,13.25
5834,10.25
5835,11.0
5836,11.3125
5837,13.0
5838,13.75
5839,7.5625
5840,8.25
5841,14.4375
5842,11.0
5843,8.75
5844,10.1875
5845,12.5
5846,11.5
5847,11.4375
5848,8.8125
5849,9.625
5850,12.0
5851,11.25
5852,10.5
5853,10.0
5854,11.0
5855,10.0
5856,11.25
5857,10.9375
5858,14.625
5859,10.5
5860,9.0
5861,11.5
5862,10.625
5863,10.0
5864,9.125
5865,10.625
5866,9.9375
5867,8.8125
5868,8.125
5869,10.875
5870,9.625
5871,8.5
5872,12.0
5873,12.0
5874,10.5
5875,9.625
5876,6.6875
5877,11.25
5878,10.125
5879,13.375
5880,12.8125
5881,9.375
5882,10.1875
5883,10.125
5884,13.75
5885,12.375
5886,10.875
5887,9.875
5888,9.5
5889,8.875
5890,13.0
5891,10.875
5892,11.75
5893,12.625
5894,12.375
5895,10.1875
5896,8.9375
5897,9.9375
5898,10.9375
5899,9.875
5900,10.6875
5901,11.625
5902,10.1875
5903,12.25
5904,7.28125
5905,7.3125
5906,8.75
5907,9.25
5908,10.5
5909,8.75
5910,11.6875
5911,11.75
5912,13.875
5913,10.8125
5914,8.875
5915,12.875
5916,8.25
5917,11.0
5918,11.6875
5919,12.75
5920,10.5
5921,11.375
5922,11.625
5923,10.25
5924,11.5625
5925,11.25
5926,10.125
5927,11.625
5928,7.71875
5929,10.5
5930,11.125
5931,11.5
5932,11.375
5933,8.125
5934,12.5625
5935,10.875
5936,10.875
5937,11.875
5938,10.5
5939,11.25
5940,8.875
5941,11.1875
5942,9.25
5943,10.875
5944,10.125
5945,8.875
5946,8.9375
5947,9.0
5948,8.625
5949,10.125
5950,10.0
5951,10.5625
5952,11.375
5953,9.9375
5954,12.125
5955,11.375
5956,10.125
5957,12.75
5958,10.75
5959,10.625
5960,11.4375
5961,10.875
5962,10.6875
5963,11.9375
5964,11.875
5965,14.875
5966,10.5625
5967,9.875
5968,11.125
5969,9.875
5970,11.0
5971,10.125
5972,11.0
5973,12.1875
5974,11.75
5975,9.5
5976,11.375
5977,11.375
5978,11.125
5979,7.40625
5980,10.1875
5981,7.875
5982,10.125
5983,9.375
5984,9.875
5985,10.0
5986,9.875
5987,12.4375
5988,11.375
5989,9.75
5990,10.875
5991,11.125
5992,12.6875
5993,8.75
5994,11.5625
5995,8.5625
5996,8.1875
5997,10.6875
5998,8.75
5999,8.5
6000,7.6875
6001,9.625
6002,9.75
6003,11.25
6004,8.9375
6005,11.0
6006,10.8125
6007,11.75
6008,8.6875
6009,9.875
6010,11.1875
6011,10.75
6012,10.0625
6013,11.9375
6014,9.125
6015,10.75
6016,11.5
6017,10.0
6018,9.5625
6019,10.1875
6020,9.375
6021,9.75
6022,11.375
6023,11.8125
6024,10.25
6025,9.375
6026,10.5
6027,9.625
6028,9.75
6029,10.6875
6030,11.1875
6031,11.9375
6032,11.875
6033,7.5625
6034,12.8125
6035,11.5
6036,11.5625
6037,11.25
6038,11.3125
6039,8.6875
6040,8.75
6041,9.9375
6042,10.0
6043,10.0625
6044,11.25
6045,11.8125
6046,12.875
6047,10.25
6048,11.125
6049,11.75
6050,11.6875
6051,10.25
6052,10.875
6053,10.4375
6054,11.4375
6055,8.625
6056,8.9375
6057,11.625
6058,11.125
6059,11.9375
6060,8.125
6061,11.25
6062,8.8125
6063,10.5
6064,9.0625
6065,11.8125
6066,10.0
6067,10.0
6068,11.375
6069,10.5625
6070,12.0
6071,11.125
6072,11.5
6073,8.875
6074,12.125
6075,8.9375
6076,9.375
6077,10.5
6078,10.0
6079,9.5625
6080,8.5
6081,9.875
6082,11.375
6083,9.25
6084,9.875
6085,11.125
6086,12.625
6087,12.125
6088,9.875
6089,9.625
6090,11.625
6091,10.5
6092,10.875
6093,8.75
6094,11.5
6095,10.0
6096,10.125
6097,11.5
6098,12.375
6099,9.5
6100,10.9375
6101,12.5625
6102,7.875
6103,11.9375
6104,11.0
6105,11.875
6106,10.75
6107,11.5
6108,7.3125
6109,11.8125
6110,13.125
6111,11.5625
6112,9.875
6113,10.625
6114,11.375
6115,12.125
6116,10.5
6117,11.25
6118,11.25
6119,12.5625
6120,13.8125
6121,11.5
6122,8.625
6123,9.25
6124,8.625
6125,10.375
6126,12.25
6127,6.8125
6128,11.25
6129,11.75
6130,10.625
6131,8.25
6132,9.3125
6133,11.75
6134,10.5
6135,10.0
6136,12.125
6137,7.125
6138,10.375
6139,10.25
6140,9.625
6141,10.5625
6142,8.9375
6143,10.125
6144,12.375
6145,9.5625
6146,9.625
6147,11.125
6148,9.25
6149,9.0
6150,11.0
6151,6.75
6152,11.1875
6153,10.0
6154,9.625
6155,9.875
6156,10.875
6157,9.1875
6158,8.0
6159,10.25
6160,8.25
6161,13.75
6162,12.75
6163,10.8125
6164,10.625
6165,12.25
6166,11.375
6167,12.5625
6168,9.1875
6169,10.25
6170,11.5625
6171,9.25
6172,7.6875
6173,10.5
6174,9.25
6175,9.5625
6176,10.75
6177,10.25
6178,10.9375
6179,13.0
6180,7.96875
6181,8.75
6182,11.4375
6183,9.875
6184,11.125
6185,10.4375
6186,11.125
6187,7.6875
6188,10.4375
6189,9.375
6190,8.5625
6191,11.875
6192,10.8125
6193,10.125
6194,10.125
6195,12.375
6196,12.0
6197,9.75
6198,10.625
6199,8.625
6200,11.625
6201,11.1875
6202,9.5
6203,12.4375
6204,9.125
6205,8.4375
6206,9.5625
6207,10.625
6208,11.375
6209,10.0
6210,8.125
6211,11.625
6212,12.25
6213,9.625
6214,11.125
6215,8.9375
6216,9.8125
6217,9.0
6218,10.0
6219,9.75
6220,9.375
6221,9.25
6222,10.9375
6223,10.0
6224,10.0
6225,11.0
6226,9.8125
6227,10.5625
6228,7.09375
6229,10.125
6230,9.625
6231,11.625
6232,8.75
6233,11.375
6234,10.6875
6235,12.8125
6236,11.125
6237,8.125
6238,10.75
6239,11.125
6240,8.4375
6241,9.875
6242,11.5
6243,12.5
6244,11.375
6245,11.125
6246,10.6875
6247,10.625
6248,10.375
6249,8.625
6250,9.25
6251,8.25
6252,10.75
6253,7.875
6254,9.1875
6255,9.3125
6256,9.375
6257,10.0
6258,11.125
6259,6.8125
6260,10.0625
6261,9.125
6262,10.125
6263,10.875
6264,10.375
6265,10.625
6266,10.875
6267,12.25
6268,12.5
6269,11.5
6270,12.5625
6271,8.25
6272,8.4375
6273,11.375
6274,11.75
6275,9.5625
6276,10.75
6277,12.3125
6278,9.1875
6279,11.625
6280,11.5
6281,10.625
6282,9.125
6283,9.375
6284,11.3125
6285,11.375
6286,11.125
6287,10.8125
6288,9.875
6289,10.125
6290,7.3125
6291,10.125
6292,11.4375
6293,10.0
6294,13.375
6295,10.5
6296,10.875
6297,10.0
6298,10.0
6299,12.625
6300,11.8125
6301,11.875
6302,10.5
6303,8.75
6304,10.625
6305,12.25
6306,12.375
6307,10.5
6308,11.0625
6309,9.1875
6310,8.9375
6311,11.8125
6312,12.75
6313,11.125
6314,11.125
6315,9.4375
6316,9.25
6317,9.375
6318,11.5
6319,12.375
6320,11.5
6321,8.4375
6322,11.5
6323,11.0
6324,13.0
6325,12.125
6326,10.625
6327,7.9375
6328,10.875
6329,11.6875
6330,11.9375
6331,12.25
6332,11.75
6333,9.375
6334,9.625
6335,12.5
6336,11.125
6337,9.375
6338,11.625
6339,10.625
6340,8.625
6341,11.1875
6342,11.9375
6343,9.25
6344,8.625
6345,10.375
6346,11.75
6347,11.125
6348,9.125
6349,11.5
6350,8.8125
6351,10.6875
6352,9.4375
6353,9.1875
6354,10.25
6355,11.0
6356,9.875
6357,10.75
6358,11.1875
6359,11.0625
6360,12.75
6361,8.875
6362,8.375
6363,10.375
6364,11.9375
6365,9.75
6366,12.0
6367,11.875
6368,9.9375
6369,9.875
6370,9.125
6371,10.375
6372,11.75
6373,11.375
6374,9.6875
6375,12.4375
6376,11.625
6377,9.25
6378,11.0625
6379,8.125
6380,9.3125
6381,8.75
6382,11.375
6383,11.25
6384,11.125
6385,10.875
6386,11.4375
6387,10.375
6388,12.6875
6389,11.375
6390,11.25
6391,10.3125
6392,11.75
6393,9.3125
6394,9.125
6395,10.25
6396,10.75
6397,9.0
6398,9.5
6399,9.75
6400,9.9375
6401,11.125
6402,9.5
6403,12.75
6404,8.1875
6405,10.375
6406,10.5625
6407,9.25
6408,9.375
6409,12.1875
6410,13.375
6411,12.4375
6412,9.125
6413,11.875
6414,12.0625
6415,13.125
6416,11.5625
6417,11.4375
6418,10.5
6419,10.25
6420,8.1875
6421,9.5
6422,9.875
6423,11.625
6424,9.375
6425,10.9375
6426,12.5
6427,9.1875
6428,10.375
6429,11.125
6430,10.8125
6431,10.375
6432,11.0
6433,10.0
6434,11.25
6435,8.75
6436,12.625
6437,10.625
6438,12.0
6439,11.375
6440,11.125
6441,12.6875
6442,9.4375
6443,9.5
6444,10.375
6445,10.75
6446,12.625
6447,8.1875
6448,10.6875
6449,8.4375
6450,10.75
6451,14.0625
6452,9.0625
6453,9.875
6454,9.625
6455,11.375
6456,12.5625
6457,9.5625
6458,10.125
6459,8.75
6460,10.125
6461,10.4375
6462,10.5
6463,9.6875
6464,11.4375
6465,9.0
6466,11.25
6467,10.25
6468,10.5
6469,10.1875
6470,11.5
6471,10.8125
6472,8.0
6473,11.3125
6474,13.625
6475,10.9375
6476,10.875
6477,6.96875
6478,9.75
6479,11.625
6480,10.375
6481,10.0625
6482,8.5625
6483,10.875
6484,11.125
6485,11.125
6486,10.9375
6487,10.125
6488,12.375
6489,9.4375
6490,10.375
6491,11.0
6492,11.125
6493,12.4375
6494,11.4375
6495,8.0625
6496,11.0
6497,8.625
6498,11.3125
6499,12.5
6500,11.75
6501,10.5625
6502,8.6875
6503,12.0
6504,9.875
6505,10.5
6506,9.75
6507,11.375
6508,9.8125
6509,9.25
6510,10.75
6511,8.75
6512,9.3125
6513,7.8125
6514,9.25
6515,9.875
6516,8.375
6517,11.8125
6518,11.0
6519,11.6875
6520,7.9375
6521,11.5
6522,11.6875
6523,12.0625
6524,12.375
6525,9.3125
6526,12.0
6527,11.625
6528,7.125
6529,7.5625
6530,10.0
6531,9.875
6532,9.625
6533,10.25
6534,12.0
6535,8.375
6536,13.375
6537,13.125
6538,9.1875
6539,10.875
6540,7.5625
6541,8.0
6542,9.8125
6543,9.25
6544,10.5
6545,9.0
6546,13.0
6547,9.75
6548,8.0
6549,8.5625
6550,9.875
6551,12.4375
6552,12.75
6553,13.5
6554,10.5625
6555,9.25
6556,11.125
6557,10.75
6558,9.4375
6559,8.875
6560,12.0625
6561,9.125
6562,10.875
6563,10.375
6564,10.5
6565,12.5
6566,9.625
6567,8.875
6568,9.0625
6569,12.75
6570,12.4375
6571,9.0
6572,12.375
6573,12.0
6574,10.375
6575,10.625
6576,8.25
6577,7.625
6578,9.375
6579,7.65625
6580,10.25
6581,9.1875
6582,8.6875
6583,10.1875
6584,8.4375
6585,10.0
6586,10.6875
6587,10.875
6588,9.3125
6589,8.0
6590,6.90625
6591,12.25
6592,10.3125
6593,9.25
6594,10.625
6595,12.3125
6596,9.4375
6597,9.25
6598,10.125
6599,11.25
6600,10.125
6601,12.625
6602,11.25
6603,9.75
6604,7.5
6605,8.8125
6606,10.3125
6607,11.125
6608,12.125
6609,10.9375
6610,10.875
6611,9.375
6612,10.0
6613,8.625
6614,12.0
6615,10.5
6616,11.125
6617,10.625
6618,9.125
6619,10.625
6620,11.8125
6621,9.5
6622,9.25
6623,8.625
6624,12.25
6625,13.5
6626,11.875
6627,11.375
6628,10.375
6629,7.59375
6630,11.5
6631,13.0
6632,8.3125
6633,10.75
6634,12.0
6635,10.375
6636,9.0
6637,8.6875
6638,9.75
6639,11.25
6640,9.625
6641,14.1875
6642,12.625
6643,11.125
6644,11.4375
6645,10.1875
6646,8.75
6647,10.25
6648,9.875
6649,10.75
6650,9.75
6651,13.875
6652,8.875
6653,11.125
6654,9.6875
6655,11.8125
6656,8.875
6657,11.125
6658,11.5625
6659,12.375
6660,11.375
6661,7.8125
6662,10.6875
6663,9.8125
6664,11.625
6665,11.625
6666,10.1875
6667,11.625
6668,11.875
6669,11.375
6670,13.375
6671,10.625
6672,10.875
6673,11.6875
6674,12.1875
6675,11.4375
6676,12.0
6677,10.625
6678,12.25
6679,11.25
6680,10.625
6681,10.5
6682,11.75
6683,9.4375
6684,11.0
6685,8.75
6686,9.75
6687,11.0
6688,12.0
6689,7.75
6690,10.625
6691,9.25
6692,11.625
6693,10.75
6694,11.1875
6695,9.625
6696,8.875
6697,11.0
6698,10.875
6699,7.34375
6700,9.625
6701,10.375
6702,11.5
6703,10.25
6704,10.375
6705,11.125
6706,10.75
6707,10.625
6708,12.6875
6709,12.6875
6710,11.8125
6711,11.125
6712,9.9375
6713,9.0
6714,10.125
6715,9.625
6716,10.375
6717,10.625
6718,8.375
6719,10.25
6720,9.0
6721,11.875
6722,13.375
6723,12.375
6724,11.0625
6725,14.9375
6726,10.4375
6727,11.5
6728,10.8125
6729,12.375
6730,10.875
6731,12.375
6732,12.0
6733,12.0
6734,9.625
6735,12.0
6736,11.5625
6737,11.0625
6738,9.875
6739,11.875
6740,11.625
6741,10.375
6742,11.125
6743,10.875
6744,11.625
6745,12.75
6746,9.375
6747,10.75
6748,9.875
6749,9.1875
6750,8.625
6751,8.75
6752,11.375
6753,8.1875
6754,8.5
6755,9.875
6756,8.1875
6757,13.25
6758,10.0
6759,9.8125
6760,8.875
6761,12.125
6762,10.1875
6763,9.625
6764,12.6875
6765,6.5625
6766,9.0
6767,10.0
6768,7.5625
6769,10.0
6770,10.75
6771,5.875
6772,11.25
6773,9.875
6774,10.625
6775,8.125
6776,11.375
6777,8.5
6778,9.625
6779,11.625
6780,10.0
6781,10.4375
6782,12.75
6783,12.0
6784,7.75
6785,10.3125
6786,9.25
6787,12.5
6788,8.625
6789,7.40625
6790,11.9375
6791,12.0
6792,11.5
6793,9.25
6794,12.0
6795,11.75
6796,10.125
6797,8.4375
6798,9.25
6799,11.75
6800,11.25
6801,9.9375
6802,12.5
6803,13.375
6804,11.3125
6805,12.0
6806,8.3125
6807,12.375
6808,11.0625
6809,7.9375
